province,region,commune_id,commune_type,area_commune_km2,elevation_m,distance_to_urban_km,ndvi,road_density_km_per_km2,land_use_type,annual_rainfall_mm,nearest_market_km,census_population,census_density,n_microcensus_points,microcensus_total_persons,microcensus_total_households,microcensus_mean_density,has_microcensus_data,missing_mechanism,n_grid_cells_100m
Thanh Hóa,duyen_hai_mien_trung,COM_0001,xa,77.51,174.27,6.69,0.4498,3.7378,residential,1617.19,4.38,38444,496.0,22,33292,6730,425.11,0,MAR,7751
Gia Lai,tay_nguyen,COM_0002,xa,45.6282,546.85,77.28,0.1828,2.6778,agricultural,1977.75,10.8,3491,76.53,19,3965,955,87.9,1,observed,4562
Gia Lai,tay_nguyen,COM_0003,xa,52.395,989.67,73.29,0.6581,2.6967,forest,1905.71,41.6,3085,58.88,16,3236,816,63.69,0,MAR,5239
Quảng Trị,duyen_hai_mien_trung,COM_0004,xa,61.5217,26.54,83.85,0.8695,2.4502,forest,2956.51,21.24,7003,113.84,10,6957,1540,106.69,1,observed,6152
Điện Biên,mien_nui_phia_bac,COM_0005,xa,75.5953,1456.28,23.75,0.1682,0.3557,mixed,2466.11,19.71,3632,48.05,14,4154,1053,53.51,0,MAR,7559
Huế,duyen_hai_mien_trung,COM_0006,xa,50.8418,91.38,18.44,0.4896,2.0682,forest,3209.83,45.69,26513,521.5,9,27378,5849,504.19,1,observed,5084
Hà Tĩnh,duyen_hai_mien_trung,COM_0007,xa,41.6765,234.28,73.53,0.4027,3.7673,forest,1827.65,41.11,5000,119.98,19,4887,1279,112.87,1,observed,4167
Thanh Hóa,duyen_hai_mien_trung,COM_0008,xa,55.5577,381.94,62.02,0.2085,1.6649,residential,1780.11,7.26,10827,194.89,20,9279,1827,180.69,1,observed,5555
TP. Hồ Chí Minh,dong_nam_bo,COM_0009,xa,76.3121,40.9,39.03,0.4719,3.8315,mixed,1552.95,14.44,433909,5685.98,28,473265,116814,6681.8,0,MAR,7631
Hưng Yên,dong_bang_song_hong,COM_0010,xa,24.7246,7.69,22.17,0.3817,1.1855,residential,1582.04,25.32,49991,2021.95,6,43696,10854,1939.1,1,observed,2472
Lâm Đồng,tay_nguyen,COM_0011,xa,50.8358,1316.3,35.84,0.6643,0.8859,forest,2648.18,28.12,5679,111.72,20,5534,1063,105.09,1,observed,5083
Hà Nội,dong_bang_song_hong,COM_0012,xa,47.7091,32.94,57.67,0.3566,1.4156,agricultural,1256.78,9.14,104041,2180.74,40,112016,27900,2501.35,1,observed,4770
Hà Tĩnh,duyen_hai_mien_trung,COM_0013,thi_tran,34.2841,557.49,21.89,0.5768,3.4566,residential,2731.71,19.3,4984,145.38,9,5024,1045,152.91,1,observed,3428
An Giang,dong_bang_song_cuu_long,COM_0014,xa,76.143,4.54,12.49,0.1807,2.6352,agricultural,1855.68,17.52,40314,529.46,31,36253,8087,472.37,1,observed,7614
Vĩnh Long,dong_bang_song_cuu_long,COM_0015,xa,35.267,1.52,71.14,0.7956,3.6111,forest,2304.85,27.0,9842,279.08,41,8968,1632,276.14,1,observed,3526
Tây Ninh,dong_nam_bo,COM_0016,xa,75.7578,120.49,25.8,0.4052,1.4322,agricultural,2467.6,31.16,28623,377.83,23,26614,5009,340.36,1,observed,7575
Lạng Sơn,mien_nui_phia_bac,COM_0017,xa,58.6452,597.33,5.42,0.4573,0.0739,residential,1458.37,5.01,4676,79.75,35,5259,1125,98.05,1,observed,5864
Đồng Nai,dong_nam_bo,COM_0018,xa,55.9728,159.66,35.33,0.383,2.5344,residential,1882.75,13.24,45817,818.56,49,41630,10706,766.13,0,MAR,5597
Đắk Lắk,tay_nguyen,COM_0019,xa,76.4877,1050.48,96.31,0.38,0.0134,forest,2079.17,3.88,5553,72.61,17,5640,1414,66.61,1,observed,7648
Tuyên Quang,mien_nui_phia_bac,COM_0020,xa,41.1224,898.62,47.33,0.1047,2.3191,forest,1622.19,46.65,2215,53.87,10,2010,554,50.69,0,MNAR_high_density,4112
Nghệ An,duyen_hai_mien_trung,COM_0021,xa,53.6629,401.65,75.0,0.5222,3.9046,residential,1427.43,28.86,3018,56.24,37,2690,613,52.02,1,observed,5366
Ninh Bình,dong_bang_song_hong,COM_0022,xa,67.8357,77.58,14.57,0.5737,1.0657,agricultural,1724.32,14.89,77336,1140.05,14,68709,12816,1014.03,1,observed,6783
Phú Thọ,mien_nui_phia_bac,COM_0023,xa,63.623,322.17,70.44,0.718,3.6811,forest,1857.93,22.23,11759,184.83,45,11660,2778,188.38,1,observed,6362
Thanh Hóa,duyen_hai_mien_trung,COM_0024,xa,41.6291,35.53,15.54,0.2114,1.4911,agricultural,1807.59,4.21,11370,273.15,47,11004,2991,268.62,1,observed,4162
Quảng Ninh,dong_bang_song_hong,COM_0025,phuong,5.9917,133.72,3.56,0.4096,8.5608,residential,2321.7,0.46,4487,748.89,32,5045,988,823.55,1,observed,599
Cao Bằng,mien_nui_phia_bac,COM_0026,xa,41.4269,1322.24,27.89,0.5307,0.2844,agricultural,1491.48,8.92,3546,85.61,15,4003,1116,97.89,1,observed,4142
Hải Phòng,dong_bang_song_hong,COM_0027,xa,42.967,29.4,88.94,0.3411,3.0923,agricultural,1763.82,33.27,31248,727.26,26,33234,7182,772.8,0,MAR,4296
Cà Mau,dong_bang_song_cuu_long,COM_0028,thi_tran,13.3977,1.65,21.32,0.7543,3.8163,forest,2633.94,19.89,2301,171.75,26,2574,694,185.98,1,observed,1339
Tây Ninh,dong_nam_bo,COM_0029,xa,27.5576,15.09,83.46,0.1946,2.4518,agricultural,2427.46,35.67,4378,158.87,12,4604,932,160.49,1,observed,2755
Cần Thơ,dong_bang_song_cuu_long,COM_0030,thi_tran,28.5915,0.87,25.05,0.7453,0.8603,forest,2332.92,19.2,13261,463.81,42,13916,3614,517.62,1,observed,2859
Lào Cai,mien_nui_phia_bac,COM_0031,xa,36.3541,1124.54,61.49,0.7383,1.168,forest,2842.56,15.35,1945,53.52,42,1980,515,57.94,1,observed,3635
Hưng Yên,dong_bang_song_hong,COM_0032,phuong,8.2094,17.73,6.82,0.45,4.1065,residential,1383.29,2.66,13219,1610.26,27,12230,2891,1385.46,1,observed,820
Hà Tĩnh,duyen_hai_mien_trung,COM_0033,thi_tran,20.0709,160.86,21.54,0.7075,2.552,forest,2278.03,3.07,1803,89.86,42,1653,348,78.98,0,MNAR_high_density,2007
Thanh Hóa,duyen_hai_mien_trung,COM_0034,xa,62.6115,633.42,18.83,0.6421,2.9612,agricultural,2374.58,15.93,22451,358.58,39,21881,5165,377.29,1,observed,6261
Phú Thọ,mien_nui_phia_bac,COM_0035,xa,34.9895,290.26,95.97,0.5074,1.9045,forest,1627.43,21.94,6931,198.1,29,7774,1477,220.04,1,observed,3498
Bắc Ninh,dong_bang_song_hong,COM_0036,thi_tran,23.2313,26.78,3.02,0.7841,1.2343,forest,1553.62,8.77,12582,541.6,18,11777,2250,549.77,1,observed,2323
Đà Nẵng,duyen_hai_mien_trung,COM_0037,phuong,10.2141,161.19,7.84,0.2507,7.7296,mixed,2652.29,0.96,18645,1825.43,7,17752,4631,1664.98,1,observed,1021
Nghệ An,duyen_hai_mien_trung,COM_0038,thi_tran,29.0528,792.33,9.43,0.6801,1.2645,forest,1627.8,6.58,2762,95.08,12,2481,471,87.97,1,observed,2905
Tây Ninh,dong_nam_bo,COM_0039,thi_tran,36.4292,6.49,5.58,0.2441,1.5037,agricultural,2258.84,17.91,14908,409.25,26,16252,4367,428.38,0,MAR,3642
Hà Nội,dong_bang_song_hong,COM_0040,thi_tran,14.5698,31.61,13.0,0.8375,1.9362,forest,1635.71,9.49,21293,1461.49,34,24167,5774,1551.63,1,observed,1456
Tuyên Quang,mien_nui_phia_bac,COM_0041,xa,74.6247,912.48,57.87,0.146,2.4119,agricultural,1996.33,3.31,5793,77.64,25,5318,1213,76.05,1,observed,7462
Hải Phòng,dong_bang_song_hong,COM_0042,xa,31.3302,5.86,43.95,0.4835,3.4542,agricultural,1814.24,49.17,41536,1325.75,8,44399,8863,1303.13,1,observed,3133
Tuyên Quang,mien_nui_phia_bac,COM_0043,xa,75.2738,769.1,37.66,0.7127,2.9831,forest,1672.73,8.88,3638,48.34,38,3997,985,51.4,0,MNAR_high_density,7527
An Giang,dong_bang_song_cuu_long,COM_0044,phuong,3.9959,6.36,3.12,0.45,4.982,residential,1993.84,2.03,1592,398.43,34,1445,275,384.47,0,MAR,399
Thái Nguyên,mien_nui_phia_bac,COM_0045,xa,21.368,530.08,83.42,0.4604,0.7006,agricultural,1705.99,42.0,1449,67.85,30,1638,438,83.19,1,observed,2136
Lạng Sơn,mien_nui_phia_bac,COM_0046,xa,28.9172,646.8,56.59,0.3139,2.4692,residential,1401.96,40.41,2364,81.77,33,2233,418,74.8,0,MNAR_high_density,2891
Đồng Tháp,dong_bang_song_cuu_long,COM_0047,xa,44.4885,11.66,67.09,0.1772,1.9422,residential,2076.55,45.85,8134,182.84,36,9270,1927,225.0,1,observed,4448
Nghệ An,duyen_hai_mien_trung,COM_0048,thi_tran,10.7971,488.53,18.03,0.8992,3.7055,forest,2078.87,7.25,954,88.44,30,1041,228,91.09,1,observed,1079
Sơn La,mien_nui_phia_bac,COM_0049,thi_tran,11.7748,962.88,14.94,0.2335,1.352,agricultural,2024.41,15.54,803,68.23,37,703,164,54.28,0,MNAR_high_density,1177
TP. Hồ Chí Minh,dong_nam_bo,COM_0050,xa,75.9791,45.28,65.7,0.374,3.706,residential,1535.04,22.26,225550,2968.59,11,224943,48818,2915.08,1,observed,7597
Nghệ An,duyen_hai_mien_trung,COM_0051,xa,26.4587,118.21,67.46,0.6547,3.2674,forest,1544.83,26.32,1923,72.7,7,1758,413,62.67,1,observed,2645
Đồng Nai,dong_nam_bo,COM_0052,xa,69.7211,29.35,78.09,0.2468,2.1357,agricultural,2246.13,11.42,32327,463.67,33,34380,7291,525.57,1,observed,6972
Lạng Sơn,mien_nui_phia_bac,COM_0053,xa,26.5781,658.06,41.23,0.4915,2.2411,residential,1705.35,48.71,2949,110.98,15,2802,737,107.2,0,MNAR_high_density,2657
Nghệ An,duyen_hai_mien_trung,COM_0054,xa,73.408,252.69,36.05,0.3444,2.2788,agricultural,1486.37,44.67,12877,175.42,38,11315,2078,159.21,0,MNAR_high_density,7340
Hà Nội,dong_bang_song_hong,COM_0055,phuong,13.0569,31.85,1.66,0.45,7.4888,residential,1472.59,4.14,45811,3508.58,27,43088,8073,3485.67,0,MCAR,1305
Hà Nội,dong_bang_song_hong,COM_0056,xa,70.2429,24.71,16.01,0.1576,3.3759,residential,1368.37,17.37,322833,4595.96,46,354519,68005,4918.1,1,observed,7024
Hà Tĩnh,duyen_hai_mien_trung,COM_0057,xa,61.034,365.24,97.35,0.2111,2.3154,residential,2607.92,31.2,6530,107.0,17,5996,1348,89.81,1,observed,6103
Hà Nội,dong_bang_song_hong,COM_0058,xa,37.4551,25.75,29.32,0.8488,0.7002,forest,1226.95,22.32,91750,2449.62,43,102579,22605,2637.9,1,observed,3745
Quảng Ninh,dong_bang_song_hong,COM_0059,phuong,14.8463,98.08,1.34,0.299,2.4673,mixed,2158.79,1.75,9458,637.07,26,10766,2214,771.26,1,observed,1484
TP. Hồ Chí Minh,dong_nam_bo,COM_0060,xa,36.2461,17.76,45.71,0.5635,2.0245,residential,1671.98,19.43,680792,18782.5,20,617171,137477,17279.94,1,observed,3624
Thái Nguyên,mien_nui_phia_bac,COM_0061,xa,33.5314,395.18,58.06,0.1962,3.2764,agricultural,1729.56,27.93,4080,121.69,38,3837,1012,124.09,1,observed,3353
Hà Nội,dong_bang_song_hong,COM_0062,phuong,5.9581,27.64,1.42,0.45,6.934,residential,1299.19,1.34,27373,4594.3,29,25698,6057,4231.05,1,observed,595
Nghệ An,duyen_hai_mien_trung,COM_0063,xa,24.9473,159.91,42.27,0.1811,3.7395,forest,1475.86,39.61,2117,84.88,24,2095,403,91.17,1,observed,2494
Quảng Ninh,dong_bang_song_hong,COM_0064,xa,75.5505,186.81,53.86,0.6689,2.0405,forest,2433.15,10.04,20718,274.24,44,20611,3983,262.27,1,observed,7555
Hà Tĩnh,duyen_hai_mien_trung,COM_0065,xa,69.398,324.43,23.36,0.6437,0.3546,agricultural,2592.16,22.32,18806,271.0,41,16613,4164,250.2,1,observed,6939
Đà Nẵng,duyen_hai_mien_trung,COM_0066,phuong,2.503,304.47,7.04,0.1027,6.0863,residential,2792.38,0.29,1695,677.36,42,1741,322,669.74,1,observed,250
Huế,duyen_hai_mien_trung,COM_0067,xa,26.4312,330.11,48.73,0.8061,1.2592,forest,3127.53,46.24,10456,395.63,30,9423,2157,330.05,1,observed,2643
TP. Hồ Chí Minh,dong_nam_bo,COM_0068,phuong,10.945,15.43,1.94,0.2213,3.0178,residential,1402.43,2.76,80590,7363.24,23,82437,19011,7830.74,1,observed,1094
Hà Nội,dong_bang_song_hong,COM_0069,phuong,10.496,22.44,4.23,0.45,9.8048,agricultural,1315.38,1.18,62706,5974.36,5,63663,12344,6320.85,0,MNAR_high_density,1049
Nghệ An,duyen_hai_mien_trung,COM_0070,xa,53.6128,254.03,59.28,0.2374,3.7679,mixed,1669.53,39.06,4465,83.29,5,3976,818,73.71,1,observed,5361
Hải Phòng,dong_bang_song_hong,COM_0071,xa,52.7479,22.81,49.89,0.4994,2.4979,mixed,1695.09,26.9,107038,2029.24,23,107541,24095,2210.72,1,observed,5274
Thanh Hóa,duyen_hai_mien_trung,COM_0072,thi_tran,33.7676,753.52,4.55,0.2224,4.8834,agricultural,1578.94,19.07,19248,570.03,19,21668,4503,662.01,1,observed,3376
Nghệ An,duyen_hai_mien_trung,COM_0073,xa,47.0267,312.37,12.02,0.2796,0.4073,residential,1530.81,15.8,8346,177.48,18,9296,2503,197.03,1,observed,4702
Gia Lai,tay_nguyen,COM_0074,xa,51.3036,1206.42,42.83,0.2863,0.4497,residential,1620.12,48.68,5105,99.52,16,5333,993,95.62,0,MNAR_high_density,5130
Thái Nguyên,mien_nui_phia_bac,COM_0075,xa,38.6444,212.44,34.18,0.3662,2.5508,residential,1951.64,6.05,3850,99.64,27,3960,1003,95.68,1,observed,3864
Thái Nguyên,mien_nui_phia_bac,COM_0076,xa,65.463,540.85,79.82,0.3007,2.5426,residential,1618.28,36.49,7940,121.3,45,6876,1465,115.2,1,observed,6546
Quảng Trị,duyen_hai_mien_trung,COM_0077,xa,41.2194,244.88,16.14,0.6286,2.389,agricultural,2610.79,1.82,5239,127.11,45,4641,959,105.35,0,MNAR_high_density,4121
Hà Nội,dong_bang_song_hong,COM_0078,phuong,13.5252,9.38,1.31,0.3735,7.7411,mixed,1799.25,1.55,65143,4816.47,21,74867,15273,5640.78,1,observed,1352
Nghệ An,duyen_hai_mien_trung,COM_0079,xa,66.262,936.58,81.63,0.6214,1.174,agricultural,2157.82,43.17,5396,81.44,44,5114,979,69.62,0,MNAR_high_density,6626
Thái Nguyên,mien_nui_phia_bac,COM_0080,xa,35.6779,422.53,67.04,0.5075,0.8458,residential,1893.12,24.49,3001,84.12,13,3227,614,92.29,1,observed,3567
Huế,duyen_hai_mien_trung,COM_0081,xa,70.0404,168.77,55.1,0.5503,2.2738,agricultural,3099.45,17.4,41744,596.01,23,45150,10416,619.02,1,observed,7004
Hà Nội,dong_bang_song_hong,COM_0082,xa,26.7107,41.63,21.75,0.4388,2.2311,agricultural,1611.7,32.98,251179,9403.71,36,287097,69403,10665.0,1,observed,2671
Lạng Sơn,mien_nui_phia_bac,COM_0083,xa,40.8722,485.51,48.04,0.7853,2.9279,forest,1482.97,12.98,3270,80.01,8,3435,798,83.68,1,observed,4087
Hà Nội,dong_bang_song_hong,COM_0084,phuong,10.7394,17.67,7.98,0.45,8.5698,residential,1392.93,3.77,62597,5828.74,38,55909,10632,4785.43,1,observed,1073
Tuyên Quang,mien_nui_phia_bac,COM_0085,xa,56.06,664.5,47.08,0.6264,1.7364,forest,1564.29,41.67,2475,44.16,8,2706,526,50.57,1,observed,5606
Nghệ An,duyen_hai_mien_trung,COM_0086,xa,71.8002,784.24,68.46,0.6318,2.6657,agricultural,1771.14,35.77,7542,105.05,22,7872,1881,106.49,1,observed,7180
Cà Mau,dong_bang_song_cuu_long,COM_0087,xa,37.41,9.48,36.39,0.6633,1.5579,forest,2251.03,46.87,4634,123.88,43,5219,1083,130.84,1,observed,3740
Quảng Ngãi,duyen_hai_mien_trung,COM_0088,xa,51.6949,334.14,13.11,0.2008,3.0531,residential,2062.77,45.33,17149,331.74,36,16725,3768,320.87,0,MAR,5169
Đắk Lắk,tay_nguyen,COM_0089,xa,25.8779,1098.15,10.75,0.1616,0.8998,agricultural,1901.12,24.21,6855,264.93,18,6491,1565,264.04,1,observed,2587
Tuyên Quang,mien_nui_phia_bac,COM_0090,xa,54.1196,583.01,51.51,0.591,1.7356,forest,1909.23,1.46,2760,51.0,39,2688,578,49.42,1,observed,5411
Phú Thọ,mien_nui_phia_bac,COM_0091,xa,73.5384,185.68,92.68,0.5144,1.0724,forest,1421.32,28.42,17551,238.67,21,19340,5288,245.1,1,observed,7353
Sơn La,mien_nui_phia_bac,COM_0092,xa,43.5906,588.6,30.27,0.58,0.6505,forest,1750.53,17.39,2150,49.34,40,2303,525,48.52,0,MCAR,4359
Thanh Hóa,duyen_hai_mien_trung,COM_0093,xa,39.7791,775.8,50.1,0.3977,2.709,forest,1502.44,31.31,7448,187.25,27,7154,1865,180.04,1,observed,3977
Quảng Ninh,dong_bang_song_hong,COM_0094,xa,72.0559,227.51,99.26,0.7035,3.4161,forest,2382.66,36.78,19027,264.07,12,19112,3673,261.6,1,observed,7205
Khánh Hòa,tay_nguyen,COM_0095,xa,65.0344,408.21,24.09,0.7803,1.3936,forest,1282.22,21.38,10068,154.82,35,10193,2582,149.26,0,MNAR_high_density,6503
Sơn La,mien_nui_phia_bac,COM_0096,xa,55.8848,683.73,82.33,0.3828,1.8704,agricultural,1817.1,24.53,2901,51.92,29,3263,709,61.53,0,MNAR_high_density,5588
Đắk Lắk,tay_nguyen,COM_0097,thi_tran,11.9358,515.23,25.4,0.5349,4.7632,residential,1940.1,4.1,2243,187.99,42,2040,430,175.64,1,observed,1193
Hải Phòng,dong_bang_song_hong,COM_0098,phuong,12.6888,19.45,7.93,0.4425,7.1035,agricultural,1778.64,1.8,28340,2233.51,37,27703,5406,2185.78,1,observed,1268
Hà Nội,dong_bang_song_hong,COM_0099,phuong,7.2008,43.76,6.3,0.45,9.4875,agricultural,1393.33,2.77,39091,5428.84,33,36091,6777,5436.98,1,observed,720
TP. Hồ Chí Minh,dong_nam_bo,COM_0100,thi_tran,24.6189,41.9,18.0,0.3551,4.6444,agricultural,1661.5,9.02,229629,9327.35,11,244820,46285,10740.82,1,observed,2461
Quảng Ngãi,duyen_hai_mien_trung,COM_0101,xa,36.5684,502.64,24.18,0.538,3.0946,mixed,2407.06,34.98,13259,362.59,12,14309,2601,355.31,0,MAR,3656
Lào Cai,mien_nui_phia_bac,COM_0102,xa,47.3286,726.03,59.07,0.2251,0.2908,agricultural,2586.45,42.85,4879,103.1,46,5176,1470,112.12,0,MNAR_high_density,4732
Vĩnh Long,dong_bang_song_cuu_long,COM_0103,xa,21.7193,0.4,45.77,0.4636,1.315,forest,2091.21,4.63,4551,209.55,46,4824,986,238.16,1,observed,2171
Lạng Sơn,mien_nui_phia_bac,COM_0104,xa,38.8332,686.16,75.46,0.2942,2.1903,forest,1787.29,37.49,2349,60.51,25,2301,565,54.74,1,observed,3883
Hà Tĩnh,duyen_hai_mien_trung,COM_0105,xa,72.2038,278.31,69.94,0.8697,1.2318,forest,2561.2,2.12,7802,108.06,15,7574,1700,99.55,0,MNAR_high_density,7220
Quảng Trị,duyen_hai_mien_trung,COM_0106,xa,28.005,218.95,87.84,0.435,1.3033,forest,2215.58,13.56,2791,99.68,17,2565,631,86.5,1,observed,2800
Nghệ An,duyen_hai_mien_trung,COM_0107,xa,58.1917,631.14,24.64,0.5635,2.5209,agricultural,1548.93,36.43,5905,101.48,11,6449,1674,120.42,1,observed,5819
Cần Thơ,dong_bang_song_cuu_long,COM_0108,xa,73.7954,1.46,10.64,0.3514,3.0532,forest,2392.23,18.62,30680,415.75,9,28050,5198,381.06,1,observed,7379
Ninh Bình,dong_bang_song_hong,COM_0109,xa,45.9009,59.82,48.5,0.4315,2.1249,agricultural,1572.98,21.33,23292,507.46,18,20051,4227,433.14,0,MNAR_high_density,4590
Đồng Tháp,dong_bang_song_cuu_long,COM_0110,xa,53.2758,6.44,77.0,0.5877,0.3547,residential,2172.57,35.03,14156,265.72,36,14144,3089,263.84,1,observed,5327
Thanh Hóa,duyen_hai_mien_trung,COM_0111,xa,75.6939,509.23,99.52,0.1266,3.3476,mixed,2416.7,24.43,21423,283.03,17,22041,4543,282.28,0,MCAR,7569
TP. Hồ Chí Minh,dong_nam_bo,COM_0112,xa,37.4139,43.25,95.97,0.778,2.3009,forest,1977.69,24.57,31061,830.2,23,33787,7487,844.7,1,observed,3741
Cà Mau,dong_bang_song_cuu_long,COM_0113,phuong,8.9097,8.61,3.05,0.2592,5.5116,agricultural,2471.0,3.64,3028,339.89,41,3271,653,362.12,1,observed,890
Lâm Đồng,tay_nguyen,COM_0114,xa,58.0288,2209.69,47.56,0.7299,1.4334,forest,2596.28,21.37,3691,63.62,16,3914,978,70.3,0,MNAR_high_density,5802
Hà Nội,dong_bang_song_hong,COM_0115,phuong,7.6919,47.28,4.09,0.45,6.3238,residential,1392.44,3.3,55572,7224.82,40,50051,9314,6100.81,0,MCAR,769
Sơn La,mien_nui_phia_bac,COM_0116,xa,66.1604,1259.76,29.2,0.357,0.7779,agricultural,1410.94,48.01,4238,64.06,42,4539,1229,69.91,1,observed,6616
Bắc Ninh,dong_bang_song_hong,COM_0117,thi_tran,11.2887,21.64,23.31,0.7744,0.7557,forest,1688.45,7.84,4992,442.27,8,5481,1146,508.36,1,observed,1128
An Giang,dong_bang_song_cuu_long,COM_0118,thi_tran,14.7989,6.22,17.71,0.3747,0.6257,residential,1745.76,13.07,8874,599.68,42,9066,1964,604.78,1,observed,1479
Thanh Hóa,duyen_hai_mien_trung,COM_0119,thi_tran,16.9046,326.01,11.11,0.7927,3.5539,forest,2078.31,10.08,2431,143.81,46,2287,595,140.08,0,MNAR_high_density,1690
Thái Nguyên,mien_nui_phia_bac,COM_0120,xa,49.2026,520.59,46.56,0.8356,3.3677,forest,1927.47,31.85,6413,130.34,24,6590,1855,120.74,1,observed,4920
Tây Ninh,dong_nam_bo,COM_0121,xa,70.1287,95.74,32.38,0.5783,3.4725,agricultural,2315.53,21.38,32349,461.29,19,34532,7322,475.36,0,MNAR_high_density,7012
Điện Biên,mien_nui_phia_bac,COM_0122,xa,64.3865,1549.85,13.16,0.2266,0.2078,mixed,2422.19,40.07,1967,30.56,5,1889,468,31.27,0,MNAR_high_density,6438
Quảng Ngãi,duyen_hai_mien_trung,COM_0123,xa,30.3331,59.68,92.14,0.8222,2.7477,forest,2295.17,48.52,2906,95.81,15,2917,566,103.09,1,observed,3033
Lạng Sơn,mien_nui_phia_bac,COM_0124,xa,31.2048,338.1,27.5,0.1239,1.2671,mixed,1698.82,19.23,2461,78.89,22,2310,562,67.23,0,MNAR_high_density,3120
Cao Bằng,mien_nui_phia_bac,COM_0125,xa,38.7995,1316.2,40.99,0.7572,0.6692,forest,1852.1,7.63,3568,91.96,46,3291,816,82.56,1,observed,3879
Nghệ An,duyen_hai_mien_trung,COM_0126,xa,28.2191,724.39,14.26,0.8306,2.5674,forest,1794.64,24.75,3363,119.19,15,3404,746,113.28,1,observed,2821
Nghệ An,duyen_hai_mien_trung,COM_0127,xa,48.8545,720.73,72.57,0.2622,0.1948,agricultural,1525.71,20.39,7957,162.88,21,8494,1879,158.0,0,MAR,4885
Sơn La,mien_nui_phia_bac,COM_0128,thi_tran,14.1419,1067.74,3.55,0.8582,4.5585,forest,1439.15,16.85,909,64.3,18,929,248,59.16,1,observed,1414
Đồng Nai,dong_nam_bo,COM_0129,thi_tran,32.9826,2.1,23.41,0.1679,0.9798,residential,2282.67,11.46,54640,1656.64,44,62775,14892,1778.23,1,observed,3298
Lâm Đồng,tay_nguyen,COM_0130,xa,70.0082,2054.23,53.51,0.3969,1.4189,agricultural,2343.65,30.32,6581,94.01,40,7291,1662,97.24,1,observed,7000
Nghệ An,duyen_hai_mien_trung,COM_0131,xa,31.2735,134.35,75.7,0.4753,0.233,mixed,1937.04,42.36,2761,88.29,18,2500,473,86.2,1,observed,3127
TP. Hồ Chí Minh,dong_nam_bo,COM_0132,phuong,4.9837,24.24,2.63,0.45,2.5986,residential,1621.55,3.91,46337,9297.75,11,50348,12237,10569.21,1,observed,498
Lạng Sơn,mien_nui_phia_bac,COM_0133,xa,72.6456,322.01,15.85,0.3403,1.7533,agricultural,1657.91,13.02,4317,59.43,23,4771,960,66.44,1,observed,7264
Cà Mau,dong_bang_song_cuu_long,COM_0134,phuong,5.621,4.08,5.7,0.1549,8.3234,mixed,2327.9,4.01,1280,227.85,19,1430,336,253.8,1,observed,562
Thanh Hóa,duyen_hai_mien_trung,COM_0135,xa,60.6125,593.05,17.02,0.7548,2.7682,forest,1530.51,17.44,14338,236.56,21,13079,3685,198.22,1,observed,6061
Hà Nội,dong_bang_song_hong,COM_0136,xa,76.4923,6.03,90.13,0.1803,1.0949,forest,1307.7,21.26,56419,737.58,38,62365,11880,789.11,1,observed,7649
Hải Phòng,dong_bang_song_hong,COM_0137,thi_tran,33.4846,28.27,2.62,0.5811,3.9373,agricultural,1872.53,12.83,106246,3173.0,21,107743,28402,3112.33,1,observed,3348
Quảng Ninh,dong_bang_song_hong,COM_0138,xa,23.4374,63.8,91.29,0.812,2.7338,forest,1968.33,21.57,4892,208.76,19,5003,1185,218.19,1,observed,2343
Hà Nội,dong_bang_song_hong,COM_0139,phuong,2.0706,2.58,6.26,0.45,3.9084,mixed,1234.34,4.02,16255,7850.74,11,17903,5000,8130.59,1,observed,207
Hà Nội,dong_bang_song_hong,COM_0140,phuong,13.6286,32.31,2.13,0.45,5.7596,residential,1761.33,0.39,74652,5477.62,18,68248,18453,4714.24,1,observed,1362
Hà Nội,dong_bang_song_hong,COM_0141,xa,66.8349,42.06,29.73,0.358,1.0078,agricultural,1609.96,12.18,237094,3547.46,27,252141,66337,3431.08,1,observed,6683
Cao Bằng,mien_nui_phia_bac,COM_0142,xa,23.6974,838.57,24.24,0.6594,1.4589,forest,1669.61,6.56,1202,50.75,14,1047,192,45.81,0,MNAR_high_density,2369
Quảng Ngãi,duyen_hai_mien_trung,COM_0143,xa,73.9655,152.92,19.63,0.1097,0.7687,residential,2092.99,43.52,25960,350.98,33,25353,5019,330.63,1,observed,7396
Lạng Sơn,mien_nui_phia_bac,COM_0144,xa,28.2099,884.55,51.65,0.1135,1.1332,mixed,1389.5,9.89,1399,49.62,50,1507,344,50.31,0,MNAR_high_density,2820
Tây Ninh,dong_nam_bo,COM_0145,xa,36.5226,15.15,59.85,0.3125,3.3793,forest,1802.74,28.72,5674,155.37,9,5171,975,143.66,1,observed,3652
Đồng Tháp,dong_bang_song_cuu_long,COM_0146,xa,35.3083,11.68,13.16,0.2286,1.7814,forest,2419.05,38.03,9962,282.16,10,11188,2083,304.38,1,observed,3530
Lâm Đồng,tay_nguyen,COM_0147,xa,46.9672,1420.86,39.68,0.6397,0.0307,mixed,1902.44,49.99,9342,198.91,30,10611,2117,226.24,0,MNAR_high_density,4696
Cao Bằng,mien_nui_phia_bac,COM_0148,xa,20.3795,1389.24,11.75,0.4607,0.319,agricultural,1568.14,43.14,1361,66.79,37,1321,288,64.3,1,observed,2037
TP. Hồ Chí Minh,dong_nam_bo,COM_0149,xa,46.3519,24.79,25.92,0.4226,0.2989,mixed,1418.67,34.49,188393,4064.42,17,191036,39950,4484.35,1,observed,4635
Tuyên Quang,mien_nui_phia_bac,COM_0150,thi_tran,20.511,676.0,26.75,0.8301,4.4624,forest,1600.23,8.54,1119,54.59,10,1030,248,53.84,0,MNAR_high_density,2051
Quảng Trị,duyen_hai_mien_trung,COM_0151,xa,51.8407,517.91,91.55,0.5148,1.8501,agricultural,2847.74,48.27,3095,59.72,5,3198,625,66.46,1,observed,5184
Ninh Bình,dong_bang_song_hong,COM_0152,xa,76.9188,30.5,88.2,0.8896,3.5057,forest,1616.11,41.16,22407,291.31,44,22627,5291,312.54,1,observed,7691
An Giang,dong_bang_song_cuu_long,COM_0153,thi_tran,30.5685,5.1,6.16,0.8985,4.6995,forest,2189.57,3.31,8719,285.25,46,8547,1885,253.8,1,observed,3056
Sơn La,mien_nui_phia_bac,COM_0154,xa,35.859,608.13,8.5,0.2261,3.8141,agricultural,1791.17,19.83,2991,83.42,18,3130,702,92.0,1,observed,3585
Vĩnh Long,dong_bang_song_cuu_long,COM_0155,xa,35.2397,8.87,91.27,0.8678,0.7649,forest,1947.45,31.57,9505,269.73,10,9807,1919,264.87,1,observed,3523
Thanh Hóa,duyen_hai_mien_trung,COM_0156,xa,74.0288,784.31,89.06,0.1408,3.7226,agricultural,2151.62,20.32,13960,188.58,8,12640,2885,153.83,1,observed,7402
Thái Nguyên,mien_nui_phia_bac,COM_0157,xa,63.181,224.45,74.48,0.8661,1.2455,forest,1991.7,19.54,6750,106.84,48,6861,1667,110.95,1,observed,6318
Quảng Ngãi,duyen_hai_mien_trung,COM_0158,thi_tran,32.9774,166.2,15.69,0.2424,3.892,agricultural,2303.85,2.63,9377,284.36,25,8905,1763,255.26,1,observed,3297
Hà Nội,dong_bang_song_hong,COM_0159,thi_tran,23.489,44.62,22.99,0.8934,2.8914,forest,1596.0,6.4,69044,2939.44,23,70324,14236,2999.26,1,observed,2348
Đồng Nai,dong_nam_bo,COM_0160,xa,60.2763,76.35,85.37,0.1444,3.5785,agricultural,1829.78,28.56,18425,305.69,35,18979,3478,312.58,0,MNAR_high_density,6027
Nghệ An,duyen_hai_mien_trung,COM_0161,xa,50.6923,205.56,29.52,0.3868,0.0867,agricultural,1402.21,28.69,18669,368.29,42,15868,4384,325.45,1,observed,5069
Đắk Lắk,tay_nguyen,COM_0162,xa,38.187,913.6,26.67,0.8939,0.6956,forest,2094.96,24.03,1890,49.5,6,1806,455,51.63,1,observed,3818
Quảng Trị,duyen_hai_mien_trung,COM_0163,xa,74.3778,287.42,21.2,0.3615,1.2052,forest,2025.67,7.96,5556,74.71,16,4904,1004,61.18,0,MNAR_high_density,7437
Quảng Trị,duyen_hai_mien_trung,COM_0164,xa,32.0212,21.23,91.06,0.8011,0.78,forest,2265.34,10.24,3253,101.59,30,3339,949,112.28,1,observed,3202
TP. Hồ Chí Minh,dong_nam_bo,COM_0165,phuong,4.1797,10.48,4.68,0.2975,3.1013,residential,1995.1,3.46,28312,6773.84,7,29285,7459,6645.25,1,observed,417
Huế,duyen_hai_mien_trung,COM_0166,phuong,8.4056,169.6,6.7,0.3318,8.9896,mixed,2932.29,1.85,16427,1954.34,36,14154,3863,1533.65,0,MNAR_high_density,840
Thái Nguyên,mien_nui_phia_bac,COM_0167,xa,44.8162,648.75,44.55,0.8499,1.1974,forest,1647.34,38.18,4647,103.71,6,4911,1025,116.77,1,observed,4481
Đà Nẵng,duyen_hai_mien_trung,COM_0168,xa,39.5081,392.22,67.21,0.6564,1.1787,forest,2470.05,9.9,15111,382.48,27,13798,2960,345.14,1,observed,3950
Tuyên Quang,mien_nui_phia_bac,COM_0169,xa,58.6763,300.45,18.51,0.8201,3.5438,forest,2166.28,21.96,3857,65.74,32,4432,1244,77.0,1,observed,5867
Tuyên Quang,mien_nui_phia_bac,COM_0170,xa,60.09,1191.12,60.43,0.8931,0.3697,forest,1683.6,5.54,2291,38.14,29,1955,410,35.78,0,MNAR_high_density,6009
Phú Thọ,mien_nui_phia_bac,COM_0171,xa,45.6868,284.05,99.11,0.6654,1.4688,forest,1622.9,22.11,8311,181.92,32,8711,2235,199.36,1,observed,4568
Thanh Hóa,duyen_hai_mien_trung,COM_0172,xa,45.7181,778.66,68.44,0.5857,0.9866,residential,2351.93,29.13,8497,185.87,32,9219,2218,218.62,1,observed,4571
Hải Phòng,dong_bang_song_hong,COM_0173,xa,75.976,6.12,55.21,0.7663,1.2476,forest,1663.89,49.3,31527,414.96,49,29832,6492,397.42,1,observed,7597
Cà Mau,dong_bang_song_cuu_long,COM_0174,xa,78.1295,8.92,13.26,0.8844,0.6404,forest,2224.67,37.7,12453,159.4,32,11350,2980,132.46,1,observed,7812
Thanh Hóa,duyen_hai_mien_trung,COM_0175,xa,31.5063,511.87,12.63,0.5677,0.8902,forest,2328.04,6.37,7419,235.49,14,7801,1853,264.04,1,observed,3150
Phú Thọ,mien_nui_phia_bac,COM_0176,xa,37.3944,67.27,85.37,0.1259,3.0124,agricultural,1759.21,13.14,8519,227.84,28,7740,1770,204.69,0,MAR,3739
Lạng Sơn,mien_nui_phia_bac,COM_0177,thi_tran,16.0466,750.96,3.65,0.6932,4.2803,forest,1752.22,2.48,1073,66.92,6,934,264,52.68,1,observed,1604
Lạng Sơn,mien_nui_phia_bac,COM_0178,xa,29.8058,571.28,9.97,0.694,0.6451,forest,1354.21,38.99,4030,135.22,5,3794,982,130.18,0,MNAR_high_density,2980
Lâm Đồng,tay_nguyen,COM_0179,xa,40.1874,1232.77,95.36,0.4162,0.9131,agricultural,2676.22,19.09,4795,119.33,19,4651,850,120.86,0,MNAR_high_density,4018
Huế,duyen_hai_mien_trung,COM_0180,xa,71.4505,57.93,37.02,0.2173,1.1824,agricultural,3286.86,17.93,97424,1363.52,23,91613,23379,1404.88,1,observed,7145
Thanh Hóa,duyen_hai_mien_trung,COM_0181,xa,43.3833,402.51,54.64,0.3887,1.8201,forest,1916.51,2.25,11554,266.34,25,10792,2107,224.84,0,MAR,4338
Huế,duyen_hai_mien_trung,COM_0182,phuong,4.2132,277.98,3.95,0.1128,9.9042,residential,2893.88,2.64,5613,1332.37,41,5279,1179,1128.58,1,observed,421
Phú Thọ,mien_nui_phia_bac,COM_0183,xa,60.0377,460.7,49.84,0.679,2.0662,forest,1827.72,12.02,11902,198.25,26,12101,2322,191.46,1,observed,6003
Thanh Hóa,duyen_hai_mien_trung,COM_0184,xa,79.5698,726.9,51.12,0.6783,2.1198,forest,2260.93,41.52,11166,140.34,28,10825,2052,135.02,1,observed,7956
TP. Hồ Chí Minh,dong_nam_bo,COM_0185,xa,60.2861,38.65,11.38,0.6022,3.6996,mixed,2174.66,32.65,527711,8753.46,26,545460,152158,8303.89,1,observed,6028
Hưng Yên,dong_bang_song_hong,COM_0186,xa,49.8799,11.61,40.79,0.7614,0.5974,forest,1414.2,34.8,41894,839.91,23,36478,9497,668.3,1,observed,4987
Phú Thọ,mien_nui_phia_bac,COM_0187,xa,23.0208,57.07,22.38,0.7487,2.1177,forest,1775.51,18.53,3869,168.07,20,3327,716,132.48,0,MNAR_high_density,2302
Phú Thọ,mien_nui_phia_bac,COM_0188,xa,22.2324,485.43,20.87,0.1729,3.7534,mixed,1769.75,19.55,12252,551.09,8,11726,2201,571.71,1,observed,2223
Vĩnh Long,dong_bang_song_cuu_long,COM_0189,thi_tran,22.2191,0.68,27.63,0.6942,3.5895,forest,2209.62,6.06,7867,354.1,27,6798,1911,283.81,1,observed,2221
Đắk Lắk,tay_nguyen,COM_0190,xa,22.2829,485.08,79.62,0.554,2.2834,mixed,1668.77,8.86,2043,91.71,33,2154,566,90.32,1,observed,2228
Cần Thơ,dong_bang_song_cuu_long,COM_0191,xa,24.5515,6.58,30.94,0.2005,0.6377,mixed,2210.19,3.47,38809,1580.74,42,41446,8541,1675.66,1,observed,2455
TP. Hồ Chí Minh,dong_nam_bo,COM_0192,xa,33.1079,39.78,24.16,0.2577,1.8107,mixed,1868.36,32.12,32678,987.04,24,35811,9011,1044.62,1,observed,3310
Quảng Trị,duyen_hai_mien_trung,COM_0193,phuong,4.9814,212.22,5.13,0.3155,6.4851,agricultural,2543.73,1.51,602,120.9,34,520,134,100.61,1,observed,498
Bắc Ninh,dong_bang_song_hong,COM_0194,xa,52.9387,28.34,46.73,0.3148,0.5962,forest,1787.05,2.39,27074,511.44,48,23907,4895,464.96,0,MAR,5293
Quảng Ninh,dong_bang_song_hong,COM_0195,xa,60.1066,168.2,89.09,0.638,2.5888,residential,1874.47,48.29,15624,259.95,12,13570,2637,212.97,1,observed,6010
Điện Biên,mien_nui_phia_bac,COM_0196,xa,55.8648,487.27,5.49,0.1462,0.5554,agricultural,2416.26,26.41,5876,105.19,29,6517,1307,122.33,1,observed,5586
Lào Cai,mien_nui_phia_bac,COM_0197,xa,41.7011,1906.29,54.01,0.823,0.2557,forest,2493.67,37.97,2678,64.24,44,2745,632,59.44,0,MNAR_high_density,4170
Quảng Ninh,dong_bang_song_hong,COM_0198,phuong,5.9466,266.64,5.67,0.45,3.802,residential,2129.67,2.45,5721,962.14,26,5812,1387,981.12,1,observed,594
Hà Tĩnh,duyen_hai_mien_trung,COM_0199,thi_tran,29.604,356.72,28.66,0.8252,3.8724,forest,1819.16,9.87,3268,110.4,30,3417,918,115.64,1,observed,2960
Hà Nội,dong_bang_song_hong,COM_0200,phuong,12.2264,16.54,8.85,0.3984,6.5206,residential,1296.35,3.9,70906,5799.42,8,78471,20249,6539.17,1,observed,1222
Hà Nội,dong_bang_song_hong,COM_0201,xa,62.1201,32.4,66.98,0.353,3.1604,agricultural,1458.85,31.67,94564,1522.28,19,105525,19753,1699.96,1,observed,6212
Nghệ An,duyen_hai_mien_trung,COM_0202,xa,79.8526,487.59,52.06,0.7187,0.1929,forest,1741.62,5.89,7160,89.67,12,8201,1642,104.92,1,observed,7985
Đà Nẵng,duyen_hai_mien_trung,COM_0203,xa,65.0879,95.38,38.16,0.4138,3.0046,forest,2833.37,39.64,35127,539.7,41,39205,8191,650.0,1,observed,6508
Nghệ An,duyen_hai_mien_trung,COM_0204,thi_tran,14.383,20.54,12.17,0.6117,2.8469,residential,1940.02,3.23,2501,173.95,37,2543,637,187.79,0,MNAR_high_density,1438
TP. Hồ Chí Minh,dong_nam_bo,COM_0205,xa,20.3445,37.54,59.44,0.1753,3.7348,forest,1516.24,48.24,18259,897.52,47,20821,4483,974.13,1,observed,2034
Nghệ An,duyen_hai_mien_trung,COM_0206,xa,62.443,739.59,73.82,0.6904,0.3424,forest,1450.62,18.69,7325,117.31,37,7943,1986,135.37,0,MAR,6244
Ninh Bình,dong_bang_song_hong,COM_0207,xa,31.0285,13.26,9.27,0.7986,2.7893,forest,1527.96,2.39,12112,390.36,27,11874,2220,366.44,1,observed,3102
Đồng Tháp,dong_bang_song_cuu_long,COM_0208,thi_tran,31.228,3.26,10.36,0.8948,2.2362,forest,2157.49,8.04,8010,256.51,50,8538,1576,246.22,1,observed,3122
Thanh Hóa,duyen_hai_mien_trung,COM_0209,xa,66.419,670.54,94.49,0.1507,3.207,forest,1707.03,46.65,12393,186.59,25,12492,3270,203.66,1,observed,6641
TP. Hồ Chí Minh,dong_nam_bo,COM_0210,xa,70.246,18.29,91.81,0.6187,3.2225,agricultural,1756.9,45.57,87161,1240.8,32,96355,19353,1494.33,1,observed,7024
Hà Nội,dong_bang_song_hong,COM_0211,xa,28.2997,38.72,15.99,0.4121,3.9945,residential,1292.38,21.72,159359,5631.14,42,138784,36754,5189.24,1,observed,2829
Hưng Yên,dong_bang_song_hong,COM_0212,xa,31.3695,2.48,57.75,0.5772,3.1795,forest,1646.27,40.48,19483,621.09,32,18488,3446,610.8,1,observed,3136
Đồng Tháp,dong_bang_song_cuu_long,COM_0213,xa,21.9191,5.13,32.39,0.7593,2.7264,forest,2230.09,46.65,6261,285.68,35,5973,1254,263.86,1,observed,2191
TP. Hồ Chí Minh,dong_nam_bo,COM_0214,phuong,6.0803,46.82,6.18,0.45,9.3257,agricultural,1982.0,4.42,36445,5993.99,41,31513,7985,5487.52,1,observed,608
Quảng Trị,duyen_hai_mien_trung,COM_0215,xa,24.7134,300.33,66.28,0.7574,1.8793,forest,2236.86,25.04,2253,91.2,39,2442,613,92.88,1,observed,2471
Lào Cai,mien_nui_phia_bac,COM_0216,xa,32.1752,2901.26,80.95,0.2066,1.1226,agricultural,1818.48,26.89,1297,40.33,24,1202,227,38.53,1,observed,3217
Huế,duyen_hai_mien_trung,COM_0217,xa,62.1541,171.18,87.75,0.6438,3.362,forest,2648.63,48.92,19003,305.75,18,19654,4536,327.34,1,observed,6215
Cao Bằng,mien_nui_phia_bac,COM_0218,xa,66.9808,1293.75,50.25,0.507,1.0798,agricultural,1912.69,2.02,3523,52.6,40,3152,813,47.35,1,observed,6698
Đồng Tháp,dong_bang_song_cuu_long,COM_0219,thi_tran,17.5272,11.42,9.71,0.7015,2.7882,forest,2015.96,19.83,3707,211.52,47,3236,823,191.8,0,MAR,1752
Quảng Ngãi,duyen_hai_mien_trung,COM_0220,phuong,7.3154,617.83,2.37,0.45,2.2927,agricultural,2984.01,2.67,3082,421.4,6,2730,499,337.55,1,observed,731
Thái Nguyên,mien_nui_phia_bac,COM_0221,xa,24.3777,151.23,47.86,0.2961,3.8526,mixed,1642.85,22.99,4264,174.94,12,3781,1020,156.99,0,MNAR_high_density,2437
Gia Lai,tay_nguyen,COM_0222,xa,77.4128,864.59,66.59,0.4141,2.9644,mixed,2335.38,8.7,5059,65.36,24,4776,919,63.96,0,MNAR_high_density,7741
An Giang,dong_bang_song_cuu_long,COM_0223,xa,49.7289,4.68,94.67,0.6607,3.8652,forest,2107.74,41.04,14395,289.47,47,14884,4077,304.25,0,MAR,4972
Hà Nội,dong_bang_song_hong,COM_0224,xa,65.5053,49.17,44.83,0.5117,0.0993,forest,1512.14,20.99,65172,994.92,16,68741,18095,1146.27,1,observed,6550
Tây Ninh,dong_nam_bo,COM_0225,thi_tran,20.5996,130.12,9.67,0.3205,4.5444,mixed,1874.04,11.81,6554,318.18,12,6494,1618,337.56,1,observed,2059
Hà Nội,dong_bang_song_hong,COM_0226,xa,31.3683,6.5,50.19,0.2815,2.6958,agricultural,1699.61,35.31,39048,1244.83,43,36568,7516,1081.77,1,observed,3136
Nghệ An,duyen_hai_mien_trung,COM_0227,thi_tran,11.5414,601.17,19.47,0.1377,2.203,residential,1925.34,16.65,3224,279.39,34,2792,795,258.17,0,MAR,1154
Lào Cai,mien_nui_phia_bac,COM_0228,xa,69.6436,1323.14,68.37,0.393,0.0737,agricultural,2940.04,24.68,2472,35.5,26,2525,593,36.84,1,observed,6964
Tây Ninh,dong_nam_bo,COM_0229,xa,33.7892,112.61,13.36,0.5984,1.7315,residential,2244.07,33.98,16560,490.11,25,18813,3491,511.75,1,observed,3378
Nghệ An,duyen_hai_mien_trung,COM_0230,xa,37.5528,520.18,29.56,0.4893,0.6272,agricultural,1596.23,15.39,7975,212.37,39,7621,2141,216.87,1,observed,3755
Lào Cai,mien_nui_phia_bac,COM_0231,xa,36.8608,1254.6,26.23,0.7282,1.4401,forest,2391.0,3.06,1865,50.6,49,2125,454,57.85,1,observed,3686
Cà Mau,dong_bang_song_cuu_long,COM_0232,xa,75.5259,4.03,47.64,0.8861,0.6114,forest,2685.17,28.8,12655,167.56,17,10819,2817,157.42,1,observed,7552
Thanh Hóa,duyen_hai_mien_trung,COM_0233,xa,30.0636,123.75,11.95,0.413,0.2566,agricultural,1638.39,36.8,19570,650.98,35,21136,5285,739.53,1,observed,3006
Nghệ An,duyen_hai_mien_trung,COM_0234,xa,29.1882,500.6,10.69,0.8407,0.2792,forest,1738.82,1.03,3300,113.08,12,3455,863,111.32,1,observed,2918
Hà Nội,dong_bang_song_hong,COM_0235,xa,25.0469,12.18,85.14,0.6101,2.6141,forest,1657.74,3.85,22466,896.99,46,24787,5551,1042.79,1,observed,2504
Hà Nội,dong_bang_song_hong,COM_0236,thi_tran,20.9476,47.92,29.87,0.7177,1.8993,forest,1612.6,14.26,51300,2448.99,5,51686,13503,2302.53,1,observed,2094
Cao Bằng,mien_nui_phia_bac,COM_0237,xa,50.61,343.23,52.22,0.3108,1.4036,agricultural,1698.62,5.57,2404,47.52,30,2482,643,52.79,0,MNAR_high_density,5061
Cần Thơ,dong_bang_song_cuu_long,COM_0238,thi_tran,12.2473,0.37,18.06,0.2244,4.1392,mixed,1975.44,3.71,10185,831.64,12,8988,1643,733.83,1,observed,1224
Bắc Ninh,dong_bang_song_hong,COM_0239,phuong,11.9243,28.55,1.83,0.45,6.7581,mixed,1654.96,3.55,18547,1555.44,11,16350,3385,1243.25,1,observed,1192
Lào Cai,mien_nui_phia_bac,COM_0240,xa,73.5224,1896.69,15.03,0.5275,1.2849,forest,2149.32,7.07,3948,53.71,12,4331,1172,53.76,1,observed,7352
Hà Nội,dong_bang_song_hong,COM_0241,phuong,12.23,33.24,7.2,0.45,5.6713,residential,1283.88,0.66,89757,7339.09,22,96892,20315,8007.38,1,observed,1223
Bắc Ninh,dong_bang_song_hong,COM_0242,xa,53.14,12.29,57.5,0.4459,3.3155,mixed,1766.06,28.65,27329,514.3,46,28968,5794,564.36,1,observed,5314
Thanh Hóa,duyen_hai_mien_trung,COM_0243,xa,55.1841,770.07,95.14,0.3506,3.4606,forest,2275.8,44.92,10048,182.09,39,11192,2131,211.79,1,observed,5518
Lâm Đồng,tay_nguyen,COM_0244,xa,35.1597,1703.92,13.42,0.52,0.3637,forest,2547.67,42.56,2111,60.05,14,1806,340,52.55,1,observed,3515
Thái Nguyên,mien_nui_phia_bac,COM_0245,xa,46.5369,196.34,5.42,0.2544,0.9818,forest,1949.26,20.89,4137,88.9,38,3650,834,79.45,0,MNAR_high_density,4653
Hải Phòng,dong_bang_song_hong,COM_0246,xa,33.8407,27.17,52.52,0.7049,3.4064,forest,1999.3,11.97,13812,408.17,48,14153,2579,459.23,1,observed,3384
Sơn La,mien_nui_phia_bac,COM_0247,xa,25.4882,671.1,79.44,0.8311,3.7055,forest,1638.57,42.18,1698,66.65,35,1483,273,57.32,0,MNAR_high_density,2548
Hà Nội,dong_bang_song_hong,COM_0248,xa,23.1546,47.28,42.29,0.8391,2.337,forest,1202.77,2.89,46117,1991.71,30,49485,9508,2135.63,1,observed,2315
Hà Nội,dong_bang_song_hong,COM_0249,xa,41.6959,19.58,13.53,0.1619,3.1305,agricultural,1758.41,31.0,46961,1126.29,18,42998,9488,1121.19,1,observed,4169
Thái Nguyên,mien_nui_phia_bac,COM_0250,xa,33.314,576.3,41.81,0.3908,0.6415,agricultural,1761.6,17.67,10392,311.95,9,10061,1829,285.4,0,MAR,3331
Hà Nội,dong_bang_song_hong,COM_0251,thi_tran,38.0762,41.87,5.29,0.1479,4.2562,agricultural,1520.94,18.36,178939,4699.51,50,204102,49523,5027.33,1,observed,3807
Cà Mau,dong_bang_song_cuu_long,COM_0252,xa,31.4865,7.98,49.7,0.6107,1.2251,residential,2298.97,48.68,11104,352.68,14,11988,2681,393.32,1,observed,3148
Khánh Hòa,tay_nguyen,COM_0253,phuong,12.4478,787.39,3.32,0.3605,4.2318,residential,1829.96,0.4,10571,849.24,46,10664,1943,917.12,1,observed,1244
Tây Ninh,dong_nam_bo,COM_0254,xa,29.9283,77.59,96.14,0.4394,1.7301,agricultural,1996.07,8.93,6231,208.2,9,6045,1721,194.22,1,observed,2992
Lai Châu,mien_nui_phia_bac,COM_0255,thi_tran,25.0541,965.29,19.76,0.2521,1.0558,mixed,2789.89,18.76,1253,50.03,22,1070,204,43.73,1,observed,2505
Tuyên Quang,mien_nui_phia_bac,COM_0256,xa,30.5626,450.57,18.83,0.5562,1.8025,agricultural,1800.6,34.0,1780,58.27,32,1618,299,56.23,0,MNAR_high_density,3056
Thanh Hóa,duyen_hai_mien_trung,COM_0257,xa,31.3227,721.18,79.47,0.3756,3.7932,agricultural,1906.82,40.86,5013,160.05,16,5014,1057,157.05,1,observed,3132
Đồng Tháp,dong_bang_song_cuu_long,COM_0258,phuong,13.172,9.02,9.49,0.2869,4.5794,mixed,2448.06,4.96,5637,427.98,28,6207,1217,456.7,1,observed,1317
Đồng Tháp,dong_bang_song_cuu_long,COM_0259,xa,63.1108,1.33,80.96,0.37,3.7455,agricultural,1819.3,36.98,16096,255.05,10,16254,3455,253.88,0,MAR,6311
Hà Nội,dong_bang_song_hong,COM_0260,phuong,3.1706,36.12,4.89,0.229,6.0084,residential,1617.79,2.29,14932,4709.59,41,14312,3894,4169.11,1,observed,317
Gia Lai,tay_nguyen,COM_0261,xa,45.8833,1233.73,85.55,0.2597,0.1315,agricultural,2027.32,19.46,3867,84.29,29,3761,1026,78.72,1,observed,4588
Thanh Hóa,duyen_hai_mien_trung,COM_0262,xa,25.2371,34.26,65.51,0.22,2.1235,residential,2279.93,45.08,7407,293.53,16,7282,1694,311.41,1,observed,2523
Hải Phòng,dong_bang_song_hong,COM_0263,phuong,4.4099,13.91,3.25,0.45,9.2608,mixed,1559.62,1.44,5751,1304.13,16,5582,1413,1353.55,1,observed,440
Lạng Sơn,mien_nui_phia_bac,COM_0264,xa,53.0455,970.61,35.13,0.6232,1.9518,agricultural,1254.03,33.64,6497,122.49,47,5580,1018,105.06,0,MNAR_high_density,5304
Phú Thọ,mien_nui_phia_bac,COM_0265,xa,78.0046,588.88,17.28,0.3942,2.4213,residential,1629.59,13.8,56512,724.48,34,54591,14504,750.67,0,MNAR_high_density,7800
Đồng Nai,dong_nam_bo,COM_0266,xa,23.67,22.21,8.83,0.5816,3.3359,agricultural,1863.49,19.3,15921,672.63,19,15539,3247,624.82,1,observed,2367
Khánh Hòa,tay_nguyen,COM_0267,xa,23.6729,696.45,34.03,0.1762,2.11,residential,1818.47,4.02,13911,587.66,39,14330,2624,591.51,1,observed,2367
Phú Thọ,mien_nui_phia_bac,COM_0268,xa,22.444,568.53,9.43,0.571,2.3226,forest,1489.07,9.79,5282,235.35,34,5521,1407,236.35,1,observed,2244
Hà Tĩnh,duyen_hai_mien_trung,COM_0269,xa,45.8023,169.26,66.66,0.6525,2.1292,forest,2411.2,22.24,5720,124.89,39,6036,1451,120.68,1,observed,4580
Phú Thọ,mien_nui_phia_bac,COM_0270,thi_tran,16.5875,238.34,29.99,0.3422,0.6188,residential,1450.16,5.84,9817,591.84,38,9665,2514,538.73,1,observed,1658
Thanh Hóa,duyen_hai_mien_trung,COM_0271,xa,78.9587,636.6,52.86,0.2356,2.3736,forest,2432.41,41.44,12189,154.38,36,12868,2859,167.44,1,observed,7895
Hải Phòng,dong_bang_song_hong,COM_0272,xa,70.5639,13.39,95.53,0.6206,0.5078,mixed,1693.56,7.94,29267,414.77,29,26104,5956,363.6,1,observed,7056
Tây Ninh,dong_nam_bo,COM_0273,xa,35.9398,50.0,67.72,0.8093,0.5038,forest,1946.92,47.45,5399,150.25,45,5680,1228,166.77,0,MNAR_high_density,3593
Cao Bằng,mien_nui_phia_bac,COM_0274,thi_tran,23.955,1447.42,9.81,0.8673,4.4946,forest,1569.88,16.43,1430,59.72,27,1555,310,71.38,1,observed,2395
Thanh Hóa,duyen_hai_mien_trung,COM_0275,xa,71.9578,312.14,83.61,0.1452,1.2276,residential,1531.65,46.02,15527,215.79,30,15850,3317,234.66,1,observed,7195
Hà Nội,dong_bang_song_hong,COM_0276,phuong,9.2025,5.43,6.89,0.325,7.2754,mixed,1661.19,0.63,57229,6218.96,28,58170,13713,6738.04,1,observed,920
Bắc Ninh,dong_bang_song_hong,COM_0277,xa,41.081,15.74,88.9,0.3339,2.107,agricultural,1710.89,8.72,16758,407.95,43,17208,3409,409.89,0,MNAR_high_density,4108
Nghệ An,duyen_hai_mien_trung,COM_0278,thi_tran,38.5671,391.59,25.46,0.5358,3.0409,agricultural,2062.78,5.65,8305,215.36,32,8234,1694,212.87,1,observed,3856
Hà Nội,dong_bang_song_hong,COM_0279,xa,78.465,4.04,66.91,0.7971,2.5552,forest,1457.42,22.12,57890,737.79,11,65856,18391,873.85,1,observed,7846
Khánh Hòa,tay_nguyen,COM_0280,phuong,7.1781,667.95,4.34,0.3358,9.586,residential,1907.88,0.4,3769,525.17,20,3808,974,537.83,0,MNAR_high_density,717
Nghệ An,duyen_hai_mien_trung,COM_0281,xa,33.2411,105.63,54.85,0.8258,1.2796,forest,2040.13,9.29,4396,132.27,27,4683,950,141.31,0,MCAR,3324
Khánh Hòa,tay_nguyen,COM_0282,phuong,2.3629,577.77,3.59,0.2348,6.098,residential,1514.41,1.65,918,388.76,27,840,216,343.51,0,MAR,236
Cao Bằng,mien_nui_phia_bac,COM_0283,xa,30.8606,771.43,66.48,0.4357,0.7405,residential,1643.96,32.81,1863,60.39,12,1790,442,60.66,0,MNAR_high_density,3086
Thái Nguyên,mien_nui_phia_bac,COM_0284,xa,66.9853,558.92,70.66,0.2822,2.9802,agricultural,1988.38,12.16,5474,81.72,8,5826,1526,81.04,1,observed,6698
Quảng Ninh,dong_bang_song_hong,COM_0285,xa,68.233,98.42,81.57,0.1694,0.2254,mixed,2408.62,44.26,17111,250.78,38,15211,3378,210.45,1,observed,6823
Quảng Ngãi,duyen_hai_mien_trung,COM_0286,xa,47.2549,702.83,47.63,0.6348,1.5372,agricultural,3001.08,33.12,8608,182.18,35,7803,1747,170.9,1,observed,4725
Phú Thọ,mien_nui_phia_bac,COM_0287,xa,46.7021,154.12,19.89,0.1767,2.5787,agricultural,1790.1,38.89,18504,396.23,38,20195,4086,420.18,1,observed,4670
Sơn La,mien_nui_phia_bac,COM_0288,thi_tran,22.7137,1053.37,8.29,0.2979,3.1286,agricultural,2064.2,2.67,1772,78.03,6,1799,375,78.05,1,observed,2271
Quảng Ninh,dong_bang_song_hong,COM_0289,xa,76.9552,97.24,58.56,0.3059,2.4994,agricultural,2059.44,10.98,20325,264.12,25,19790,5648,280.46,0,MNAR_high_density,7695
Cần Thơ,dong_bang_song_cuu_long,COM_0290,xa,51.1925,4.69,96.19,0.8652,2.8338,forest,2256.09,45.06,18106,353.7,35,18609,4301,351.62,1,observed,5119
Cần Thơ,dong_bang_song_cuu_long,COM_0291,thi_tran,38.5747,5.49,26.66,0.7953,0.5659,forest,1958.9,7.07,18100,469.23,6,16325,3329,419.85,0,MAR,3857
Khánh Hòa,tay_nguyen,COM_0292,xa,54.7364,741.58,64.38,0.6689,3.5101,forest,1940.34,11.21,7590,138.67,36,7204,1574,120.15,0,MAR,5473
Thanh Hóa,duyen_hai_mien_trung,COM_0293,xa,49.1706,509.92,54.83,0.1348,3.4925,agricultural,1576.99,38.87,10119,205.8,21,9847,2153,182.26,1,observed,4917
Thanh Hóa,duyen_hai_mien_trung,COM_0294,xa,56.8368,709.39,10.56,0.7701,2.7276,forest,1859.99,13.56,8153,143.46,18,8620,1751,141.37,1,observed,5683
Phú Thọ,mien_nui_phia_bac,COM_0295,xa,56.6569,511.88,17.93,0.2559,1.9696,residential,1649.36,39.62,15918,280.97,7,15909,3445,263.16,0,MNAR_high_density,5665
Thanh Hóa,duyen_hai_mien_trung,COM_0296,xa,31.7172,210.9,95.0,0.4305,1.0177,agricultural,1887.02,36.75,5946,187.48,36,6061,1464,172.03,1,observed,3171
Vĩnh Long,dong_bang_song_cuu_long,COM_0297,xa,62.6042,4.24,96.25,0.8166,2.9729,forest,2260.2,21.76,17442,278.61,26,16761,3995,291.73,1,observed,6260
Sơn La,mien_nui_phia_bac,COM_0298,xa,32.6926,1817.02,39.31,0.6264,0.5897,mixed,1913.9,24.92,1529,46.79,27,1702,471,50.12,0,MCAR,3269
Hà Nội,dong_bang_song_hong,COM_0299,xa,57.6385,29.2,66.74,0.1676,1.6924,residential,1496.39,17.16,91182,1581.98,19,82171,15358,1448.74,1,observed,5763
Ninh Bình,dong_bang_song_hong,COM_0300,xa,62.9974,60.8,59.61,0.7903,1.1996,forest,2117.13,36.74,22319,354.29,33,25620,5902,432.22,1,observed,6299
Nghệ An,duyen_hai_mien_trung,COM_0301,phuong,13.1284,46.4,3.48,0.45,9.598,agricultural,1781.12,0.97,3762,286.56,7,3830,888,267.2,1,observed,1312
Sơn La,mien_nui_phia_bac,COM_0302,xa,69.3587,606.83,30.47,0.8572,1.565,forest,1918.72,48.83,3588,51.74,17,3170,902,49.22,1,observed,6935
Thanh Hóa,duyen_hai_mien_trung,COM_0303,thi_tran,34.8253,751.72,20.65,0.8716,4.7035,forest,1694.61,14.76,5258,150.99,19,5614,1391,157.06,1,observed,3482
Điện Biên,mien_nui_phia_bac,COM_0304,thi_tran,19.5787,706.98,29.68,0.3424,1.4993,agricultural,1936.47,12.31,1843,94.17,42,2034,438,99.52,1,observed,1957
Đắk Lắk,tay_nguyen,COM_0305,xa,53.3813,634.33,13.03,0.4352,0.4122,residential,1516.69,15.71,13208,247.44,46,12420,2562,238.92,0,MNAR_high_density,5338
Cần Thơ,dong_bang_song_cuu_long,COM_0306,phuong,8.5082,3.4,3.21,0.3157,7.1916,residential,2055.48,0.88,15238,1791.06,26,13821,2816,1603.68,1,observed,850
Lào Cai,mien_nui_phia_bac,COM_0307,xa,74.2317,2702.21,10.47,0.5929,1.1607,agricultural,2979.61,34.62,3468,46.73,15,3050,824,43.25,0,MNAR_high_density,7423
Nghệ An,duyen_hai_mien_trung,COM_0308,xa,30.5171,353.45,27.56,0.1981,2.6035,agricultural,1580.31,43.43,9212,301.89,5,9418,2089,278.41,1,observed,3051
Vĩnh Long,dong_bang_song_cuu_long,COM_0309,xa,71.3157,2.33,33.88,0.515,0.3507,mixed,2094.64,10.33,35488,497.62,46,33695,6355,498.23,1,observed,7131
Nghệ An,duyen_hai_mien_trung,COM_0310,xa,34.4151,250.7,62.68,0.8519,1.2288,forest,1701.4,49.67,3048,88.59,5,2612,676,77.75,1,observed,3441
Nghệ An,duyen_hai_mien_trung,COM_0311,xa,34.5864,219.31,95.12,0.1951,1.254,agricultural,1400.36,46.13,4215,121.88,7,4406,874,125.38,1,observed,3458
Thanh Hóa,duyen_hai_mien_trung,COM_0312,xa,45.4699,529.73,56.44,0.2052,0.9294,agricultural,2099.95,23.62,8319,182.97,22,8369,1876,192.03,1,observed,4546
Nghệ An,duyen_hai_mien_trung,COM_0313,xa,20.9295,10.07,40.48,0.5963,0.7596,agricultural,1978.22,5.61,6783,324.1,11,5990,1217,305.69,0,MNAR_high_density,2092
Quảng Ngãi,duyen_hai_mien_trung,COM_0314,xa,30.5863,261.93,81.07,0.7962,2.1029,forest,2576.37,37.79,3261,106.63,50,3399,651,103.39,1,observed,3058
Sơn La,mien_nui_phia_bac,COM_0315,xa,48.0796,1245.76,30.21,0.8709,1.3681,forest,2178.32,49.85,3542,73.69,41,3897,867,83.86,0,MNAR_high_density,4807
Sơn La,mien_nui_phia_bac,COM_0316,xa,41.0866,1907.31,29.2,0.325,0.9559,residential,1982.05,19.5,3708,90.26,44,3254,885,86.37,1,observed,4108
Quảng Ninh,dong_bang_song_hong,COM_0317,xa,74.876,213.87,49.04,0.8796,0.2053,forest,2490.82,42.62,17624,235.38,43,17707,3894,256.57,1,observed,7487
Lào Cai,mien_nui_phia_bac,COM_0318,xa,69.3975,2440.38,95.13,0.8832,1.341,forest,1959.51,44.04,5575,80.34,38,6283,1632,88.16,0,MNAR_high_density,6939
Gia Lai,tay_nguyen,COM_0319,thi_tran,17.7253,936.3,25.0,0.6146,4.6358,agricultural,1912.65,5.01,1114,62.9,12,1242,266,63.72,1,observed,1772
Quảng Ninh,dong_bang_song_hong,COM_0320,phuong,3.8616,73.94,2.39,0.2806,7.2484,residential,2230.52,4.46,2286,592.16,21,2162,398,573.51,1,observed,386
Hà Nội,dong_bang_song_hong,COM_0321,thi_tran,34.3289,24.09,17.8,0.8857,3.2325,forest,1454.99,7.71,41480,1208.32,49,45682,11227,1278.5,1,observed,3432
Hưng Yên,dong_bang_song_hong,COM_0322,xa,28.7499,4.53,57.12,0.2721,0.6947,agricultural,1384.05,31.68,17747,617.3,7,19499,4094,694.53,1,observed,2874
Thái Nguyên,mien_nui_phia_bac,COM_0323,xa,23.7658,102.61,35.85,0.5716,1.8482,agricultural,1994.72,47.04,2241,94.33,19,2151,430,83.7,1,observed,2376
Hà Tĩnh,duyen_hai_mien_trung,COM_0324,thi_tran,19.0686,253.71,18.4,0.2196,2.0088,mixed,2276.55,15.01,5309,278.42,32,4910,896,276.49,1,observed,1906
Đắk Lắk,tay_nguyen,COM_0325,xa,62.0764,445.44,16.0,0.1772,0.2939,residential,1609.98,42.55,14492,233.47,25,15463,3106,268.49,1,observed,6207
Thanh Hóa,duyen_hai_mien_trung,COM_0326,thi_tran,31.8692,621.95,20.82,0.721,3.6217,forest,1635.77,12.36,8465,265.64,38,9178,2287,261.03,1,observed,3186
Lào Cai,mien_nui_phia_bac,COM_0327,xa,47.7365,2839.07,94.43,0.2756,0.1592,forest,2993.83,43.32,1940,40.66,33,1987,438,42.08,0,MNAR_high_density,4773
Thanh Hóa,duyen_hai_mien_trung,COM_0328,phuong,6.008,163.78,5.7,0.45,8.9627,residential,1928.6,0.28,2409,401.08,35,2674,680,462.82,1,observed,600
Quảng Ngãi,duyen_hai_mien_trung,COM_0329,xa,52.211,606.48,86.01,0.7011,2.5314,forest,3089.15,26.47,5039,96.53,11,4784,1260,97.06,0,MNAR_high_density,5221
Hưng Yên,dong_bang_song_hong,COM_0330,phuong,7.5783,13.97,9.87,0.45,2.7423,residential,1263.28,3.78,9639,1271.97,32,10011,2118,1388.27,1,observed,757
Quảng Ngãi,duyen_hai_mien_trung,COM_0331,xa,62.0182,635.4,35.89,0.4488,0.7149,mixed,2103.29,32.8,17293,278.84,30,14922,3234,264.42,1,observed,6201
Tuyên Quang,mien_nui_phia_bac,COM_0332,xa,45.5249,526.19,37.96,0.6106,1.4129,agricultural,1528.02,45.98,3390,74.47,20,3526,674,70.34,0,MNAR_high_density,4552
Gia Lai,tay_nguyen,COM_0333,xa,55.138,1225.91,76.55,0.385,0.7829,forest,1643.6,4.52,4412,80.03,46,4533,935,87.01,1,observed,5513
Hà Tĩnh,duyen_hai_mien_trung,COM_0334,thi_tran,15.2624,562.64,24.86,0.5185,4.8595,agricultural,2359.15,4.07,2274,149.02,16,2002,500,133.65,0,MNAR_high_density,1526
Hà Nội,dong_bang_song_hong,COM_0335,xa,71.5159,34.87,13.95,0.8805,3.0565,forest,1671.64,7.28,123093,1721.2,40,135011,30776,1784.86,1,observed,7151
Tuyên Quang,mien_nui_phia_bac,COM_0336,xa,46.0241,735.14,34.66,0.3606,2.767,residential,1977.27,10.86,2697,58.6,23,2579,673,52.97,1,observed,4602
Quảng Ngãi,duyen_hai_mien_trung,COM_0337,xa,57.8897,245.36,41.28,0.6754,0.3326,forest,2411.34,20.17,7039,121.6,25,7712,1881,137.58,0,MNAR_high_density,5788
Nghệ An,duyen_hai_mien_trung,COM_0338,xa,47.8708,418.88,51.67,0.8424,1.9394,forest,1811.7,44.45,14803,309.24,49,16334,3546,321.5,1,observed,4787
Đồng Nai,dong_nam_bo,COM_0339,phuong,14.697,107.36,7.43,0.45,4.8185,mixed,2473.04,3.73,19531,1328.93,42,20993,4969,1447.23,1,observed,1469
Thanh Hóa,duyen_hai_mien_trung,COM_0340,xa,40.9244,687.93,96.06,0.3058,2.4603,agricultural,2149.57,5.59,9684,236.64,6,10251,2282,256.76,1,observed,4092
Thanh Hóa,duyen_hai_mien_trung,COM_0341,phuong,13.6139,500.4,5.93,0.45,5.1353,residential,2255.32,2.6,3505,257.51,23,3372,779,253.83,1,observed,1361
Lai Châu,mien_nui_phia_bac,COM_0342,xa,36.8174,1729.68,76.36,0.7328,0.636,forest,2610.46,17.36,1096,29.78,9,1252,314,35.52,1,observed,3681
Ninh Bình,dong_bang_song_hong,COM_0343,thi_tran,27.6937,54.72,18.47,0.3921,3.6378,residential,1645.35,11.48,41910,1513.35,38,36703,9200,1195.75,1,observed,2769
Hưng Yên,dong_bang_song_hong,COM_0344,xa,21.9686,5.59,23.33,0.4029,1.5714,agricultural,1363.96,5.4,11541,525.35,5,13240,2471,603.19,1,observed,2196
Lai Châu,mien_nui_phia_bac,COM_0345,phuong,3.2332,786.98,6.3,0.45,5.6437,mixed,2020.19,1.43,183,56.69,43,199,37,60.49,0,MNAR_high_density,323
Điện Biên,mien_nui_phia_bac,COM_0346,xa,49.5625,1673.56,95.82,0.2045,1.327,forest,2223.3,19.34,2010,40.57,45,1951,425,35.75,0,MNAR_high_density,4956
Nghệ An,duyen_hai_mien_trung,COM_0347,xa,57.2525,556.19,26.46,0.6363,0.4332,residential,1465.93,18.88,24495,427.85,34,26106,4805,443.01,1,observed,5725
Tây Ninh,dong_nam_bo,COM_0348,xa,77.4145,62.49,99.64,0.2411,3.1946,mixed,2281.64,6.36,11410,147.4,18,13115,3086,157.99,1,observed,7741
Hải Phòng,dong_bang_song_hong,COM_0349,xa,41.461,14.35,19.01,0.3187,1.2679,residential,1730.14,35.55,38224,921.93,31,41837,9516,1073.76,1,observed,4146
Vĩnh Long,dong_bang_song_cuu_long,COM_0350,xa,21.755,1.88,63.6,0.7344,3.5403,forest,1980.31,20.15,6280,288.68,23,5974,1532,269.62,1,observed,2175
Ninh Bình,dong_bang_song_hong,COM_0351,thi_tran,29.7794,62.47,23.31,0.353,1.4237,agricultural,1882.77,18.42,36992,1242.21,46,42147,9511,1287.21,0,MAR,2977
Lạng Sơn,mien_nui_phia_bac,COM_0352,xa,40.4207,1074.9,31.0,0.226,0.4667,residential,1368.75,33.35,1374,34.01,37,1528,283,34.37,1,observed,4042
Tây Ninh,dong_nam_bo,COM_0353,xa,48.6431,100.38,88.97,0.6462,3.5944,forest,2196.94,15.56,7724,158.8,9,8746,2105,188.39,1,observed,4864
Hà Nội,dong_bang_song_hong,COM_0354,xa,65.1397,25.21,76.28,0.4717,1.5032,agricultural,1325.03,37.82,71288,1094.4,42,64344,12503,967.73,1,observed,6513
Thái Nguyên,mien_nui_phia_bac,COM_0355,xa,20.5543,359.31,35.23,0.1249,2.5039,agricultural,1442.48,16.54,4113,200.12,21,4069,1038,210.31,1,observed,2055
Hưng Yên,dong_bang_song_hong,COM_0356,xa,62.3163,1.34,8.68,0.623,1.3891,forest,1247.01,47.54,38889,624.07,19,36790,8683,594.76,1,observed,6231
Thái Nguyên,mien_nui_phia_bac,COM_0357,thi_tran,25.1844,535.84,10.59,0.4453,2.9943,residential,1425.12,9.07,4245,168.58,13,3831,972,151.44,1,observed,2518
Điện Biên,mien_nui_phia_bac,COM_0358,xa,69.6,1274.69,7.13,0.5499,0.0913,agricultural,2166.02,45.73,4029,57.89,20,3714,754,56.1,0,MNAR_high_density,6959
Tuyên Quang,mien_nui_phia_bac,COM_0359,xa,31.6461,1343.01,19.06,0.115,0.7568,mixed,1728.19,7.28,2795,88.35,38,2961,693,90.28,1,observed,3164
Hưng Yên,dong_bang_song_hong,COM_0360,phuong,7.2556,11.66,6.06,0.45,7.7617,mixed,1595.12,3.16,8830,1217.07,9,8902,1696,1270.85,0,MAR,725
Điện Biên,mien_nui_phia_bac,COM_0361,xa,79.2318,1806.56,23.71,0.7294,0.9054,forest,2081.33,26.18,2899,36.6,27,2506,569,34.21,1,observed,7923
Nghệ An,duyen_hai_mien_trung,COM_0362,phuong,12.6463,241.07,6.5,0.45,2.0356,agricultural,2051.46,2.48,3684,291.36,14,3624,868,284.25,1,observed,1264
Hưng Yên,dong_bang_song_hong,COM_0363,xa,37.9475,0.79,74.21,0.1345,0.0692,forest,1674.44,38.07,14980,394.78,40,14191,3123,368.81,1,observed,3794
Sơn La,mien_nui_phia_bac,COM_0364,xa,42.3818,1465.81,46.31,0.7235,0.6447,forest,1588.62,14.41,1909,45.05,39,1873,481,47.41,0,MNAR_high_density,4238
Ninh Bình,dong_bang_song_hong,COM_0365,xa,24.5084,59.19,98.9,0.7773,2.3397,forest,1938.74,18.31,7575,309.08,5,6578,1402,247.95,1,observed,2450
Hà Nội,dong_bang_song_hong,COM_0366,xa,27.1531,6.7,31.42,0.3438,1.7402,agricultural,1580.78,21.18,77405,2850.72,32,66631,15364,2441.21,1,observed,2715
Đắk Lắk,tay_nguyen,COM_0367,xa,38.061,1085.05,89.83,0.2772,0.9337,mixed,1870.86,48.87,3288,86.4,20,2798,509,69.69,1,observed,3806
Bắc Ninh,dong_bang_song_hong,COM_0368,phuong,4.4795,19.16,6.47,0.4368,2.7214,residential,1476.37,3.63,6705,1496.83,19,7642,1524,1704.96,1,observed,447
Phú Thọ,mien_nui_phia_bac,COM_0369,xa,57.6939,104.98,11.84,0.1206,3.6707,agricultural,1796.4,49.47,28257,489.78,47,29102,5371,533.48,1,observed,5769
TP. Hồ Chí Minh,dong_nam_bo,COM_0370,xa,79.1706,9.32,77.35,0.5413,2.8644,agricultural,1569.91,3.24,263132,3323.61,30,281898,61079,3430.48,1,observed,7917
Ninh Bình,dong_bang_song_hong,COM_0371,thi_tran,16.5038,21.97,13.24,0.5232,0.5045,agricultural,1565.5,11.22,12918,782.78,47,11074,2057,618.43,0,MCAR,1650
Quảng Ngãi,duyen_hai_mien_trung,COM_0372,xa,26.944,692.47,62.87,0.2169,1.7243,agricultural,2720.75,30.83,2516,93.38,28,2368,669,87.09,1,observed,2694
Hưng Yên,dong_bang_song_hong,COM_0373,thi_tran,30.8158,16.95,8.65,0.2205,0.5388,agricultural,1581.13,19.75,23641,767.18,44,25457,6034,745.3,1,observed,3081
Ninh Bình,dong_bang_song_hong,COM_0374,xa,30.1187,22.69,44.74,0.3595,3.2035,mixed,2112.71,8.53,37895,1258.21,19,38098,9130,1178.16,0,MNAR_high_density,3011
Hà Nội,dong_bang_song_hong,COM_0375,xa,35.9522,48.46,78.98,0.6735,1.825,forest,1363.34,5.72,33483,931.33,38,34278,8895,1021.43,1,observed,3595
Gia Lai,tay_nguyen,COM_0376,xa,66.6934,696.41,67.12,0.2185,2.0069,residential,1754.87,31.95,7478,112.14,38,7784,1450,120.33,0,MNAR_high_density,6669
Thanh Hóa,duyen_hai_mien_trung,COM_0377,xa,26.8382,739.67,90.87,0.5153,2.5177,agricultural,1947.95,10.93,3501,130.46,37,3291,775,120.12,1,observed,2683
Hà Nội,dong_bang_song_hong,COM_0378,phuong,3.751,43.01,3.54,0.3886,2.4422,residential,1358.88,3.09,15263,4069.11,36,13430,3615,3304.92,1,observed,375
Đồng Tháp,dong_bang_song_cuu_long,COM_0379,xa,73.4458,4.88,33.67,0.6929,0.2001,forest,2184.17,23.06,18113,246.62,31,18245,4842,267.38,1,observed,7344
Lâm Đồng,tay_nguyen,COM_0380,xa,29.4182,2273.72,24.5,0.8008,0.7307,forest,2640.62,47.96,2133,72.52,46,2325,452,75.8,0,MNAR_high_density,2941
Cao Bằng,mien_nui_phia_bac,COM_0381,xa,52.83,838.32,83.68,0.7797,1.2075,forest,1972.05,20.36,2876,54.45,39,2950,789,59.07,0,MNAR_high_density,5283
Hưng Yên,dong_bang_song_hong,COM_0382,xa,64.041,16.55,61.38,0.5731,1.3874,agricultural,1632.05,36.44,50065,781.77,17,44703,11503,680.36,1,observed,6404
Khánh Hòa,tay_nguyen,COM_0383,xa,39.4488,659.17,37.62,0.5975,2.4908,residential,1538.27,11.92,41592,1054.34,47,39081,7318,988.04,1,observed,3944
Cao Bằng,mien_nui_phia_bac,COM_0384,xa,34.0535,746.49,11.82,0.2761,1.8937,mixed,1997.76,49.0,2598,76.32,5,2219,601,64.55,0,MNAR_high_density,3405
Quảng Ninh,dong_bang_song_hong,COM_0385,xa,50.6454,27.04,73.12,0.3001,3.5118,agricultural,1940.19,5.16,9029,178.29,34,8605,2138,162.37,1,observed,5064
Đồng Tháp,dong_bang_song_cuu_long,COM_0386,xa,38.7709,2.3,99.28,0.8541,1.4303,forest,1982.0,40.46,12883,332.31,36,13885,3773,372.61,1,observed,3877
Thanh Hóa,duyen_hai_mien_trung,COM_0387,xa,57.6742,754.96,81.24,0.4202,3.8057,agricultural,1522.58,13.74,11867,205.76,10,11989,3421,222.36,1,observed,5767
Hưng Yên,dong_bang_song_hong,COM_0388,phuong,6.7954,5.09,4.17,0.2576,4.0952,mixed,1394.08,1.79,9221,1357.09,18,10510,2312,1673.4,1,observed,679
Cà Mau,dong_bang_song_cuu_long,COM_0389,thi_tran,23.9448,5.67,22.24,0.4314,1.9326,residential,2610.53,5.77,3296,137.69,32,3360,716,129.83,0,MCAR,2394
Đắk Lắk,tay_nguyen,COM_0390,xa,78.0322,1024.61,99.97,0.7139,0.7905,forest,1958.46,10.52,4749,60.86,20,4768,990,63.01,1,observed,7803
Bắc Ninh,dong_bang_song_hong,COM_0391,xa,20.0495,17.96,38.62,0.199,0.7852,agricultural,1335.12,3.79,31352,1563.73,7,35719,9436,1858.12,1,observed,2004
Hà Nội,dong_bang_song_hong,COM_0392,xa,64.5391,29.54,67.08,0.3395,1.0034,agricultural,1293.26,43.84,91146,1412.27,29,98906,22597,1525.22,1,observed,6453
Đà Nẵng,duyen_hai_mien_trung,COM_0393,xa,52.3975,227.49,27.79,0.2967,0.7806,agricultural,2142.05,22.14,62552,1193.8,46,54723,9977,1116.44,1,observed,5239
Hải Phòng,dong_bang_song_hong,COM_0394,xa,47.0346,5.43,25.61,0.1762,0.0522,agricultural,1861.55,36.94,20909,444.56,9,18822,3959,386.27,1,observed,4703
Nghệ An,duyen_hai_mien_trung,COM_0395,xa,59.3488,809.24,71.21,0.7636,0.6918,forest,1797.56,33.69,6315,106.42,10,6618,1852,122.0,0,MNAR_high_density,5934
Hà Nội,dong_bang_song_hong,COM_0396,phuong,5.1824,8.06,9.43,0.45,8.2189,residential,1494.36,2.7,28888,5574.3,21,32807,7349,6904.26,1,observed,518
Lai Châu,mien_nui_phia_bac,COM_0397,xa,62.4049,2320.54,58.53,0.1543,0.4135,forest,2592.89,27.88,2689,43.09,19,2869,582,47.95,1,observed,6240
Sơn La,mien_nui_phia_bac,COM_0398,xa,76.9954,521.06,39.13,0.107,3.9257,mixed,1422.44,1.89,4785,62.15,46,4863,1142,58.68,1,observed,7699
Đắk Lắk,tay_nguyen,COM_0399,xa,31.4214,1282.91,41.05,0.8098,0.5385,forest,2087.8,27.68,1993,63.44,46,1982,455,64.05,1,observed,3142
Cà Mau,dong_bang_song_cuu_long,COM_0400,thi_tran,23.1171,5.84,16.74,0.6862,0.7948,forest,2671.25,6.02,4262,184.38,34,4855,959,203.63,1,observed,2311
Hà Nội,dong_bang_song_hong,COM_0401,xa,37.0345,41.84,15.11,0.8993,2.6795,forest,1590.08,5.43,89363,2412.98,25,96782,24838,2827.92,1,observed,3703
Thanh Hóa,duyen_hai_mien_trung,COM_0402,xa,21.5587,620.52,71.73,0.5364,3.2706,forest,2087.9,48.33,4650,215.72,11,3955,993,193.14,1,observed,2155
Nghệ An,duyen_hai_mien_trung,COM_0403,thi_tran,17.5896,374.0,18.63,0.4767,2.1401,residential,2062.89,5.21,3901,221.78,21,4281,1092,245.29,1,observed,1758
Thanh Hóa,duyen_hai_mien_trung,COM_0404,xa,46.9456,648.94,41.25,0.8874,1.4909,forest,1997.67,24.25,11269,240.06,19,11497,2426,262.1,1,observed,4694
Hà Tĩnh,duyen_hai_mien_trung,COM_0405,xa,72.4696,474.94,46.03,0.1949,1.5248,mixed,2749.09,38.63,13714,189.24,10,14060,3303,186.33,1,observed,7246
Đà Nẵng,duyen_hai_mien_trung,COM_0406,xa,62.8851,308.92,82.22,0.4241,2.4465,mixed,2851.33,46.08,21467,341.37,30,22546,4124,354.34,1,observed,6288
Đồng Tháp,dong_bang_song_cuu_long,COM_0407,xa,30.7606,2.18,9.97,0.4927,0.5933,agricultural,2388.3,47.48,19098,620.88,6,18386,4221,650.66,1,observed,3076
Lào Cai,mien_nui_phia_bac,COM_0408,xa,22.2533,2341.56,57.15,0.6791,0.1406,forest,2994.63,49.72,927,41.69,9,1032,201,49.27,0,MNAR_high_density,2225
Hà Nội,dong_bang_song_hong,COM_0409,phuong,4.6572,37.18,0.72,0.45,5.0172,mixed,1732.54,2.03,30671,6585.9,31,29834,6342,6963.81,1,observed,465
Thanh Hóa,duyen_hai_mien_trung,COM_0410,xa,20.6857,28.26,80.3,0.4918,0.6414,agricultural,1665.31,6.53,3862,186.71,10,3680,825,175.06,0,MNAR_high_density,2068
Thanh Hóa,duyen_hai_mien_trung,COM_0411,xa,55.4886,637.86,97.77,0.4128,0.6423,residential,2097.48,27.81,10341,186.37,49,9431,2401,166.14,1,observed,5548
Đồng Tháp,dong_bang_song_cuu_long,COM_0412,xa,31.3507,4.68,70.25,0.136,2.8819,residential,2439.86,36.19,8307,265.0,46,9072,1761,261.7,0,MNAR_high_density,3135
Khánh Hòa,tay_nguyen,COM_0413,xa,26.9728,158.11,81.37,0.2881,2.9614,agricultural,1388.02,15.66,6980,258.81,26,7056,1651,276.78,1,observed,2697
Lạng Sơn,mien_nui_phia_bac,COM_0414,xa,41.4559,678.92,51.92,0.785,3.0937,forest,1211.31,23.3,2301,55.52,26,2240,578,56.8,0,MAR,4145
Lâm Đồng,tay_nguyen,COM_0415,xa,51.2978,1913.65,74.46,0.7025,0.5926,forest,2490.5,12.7,2617,51.02,42,2940,715,61.27,0,MNAR_high_density,5129
Quảng Ngãi,duyen_hai_mien_trung,COM_0416,xa,38.2471,647.63,93.39,0.6049,2.5133,agricultural,2014.98,9.52,2454,64.17,18,2148,503,53.34,0,MNAR_high_density,3824
Đà Nẵng,duyen_hai_mien_trung,COM_0417,xa,66.8862,103.12,52.81,0.1946,1.7358,agricultural,2079.92,23.67,25162,376.2,50,24039,4635,385.98,1,observed,6688
TP. Hồ Chí Minh,dong_nam_bo,COM_0418,phuong,11.6816,34.9,5.56,0.2254,6.4549,residential,1671.5,1.92,144498,12369.77,17,141279,26821,11214.81,1,observed,1168
Thanh Hóa,duyen_hai_mien_trung,COM_0419,xa,58.0593,19.74,52.47,0.2224,0.2387,agricultural,2276.92,2.77,15391,265.1,14,14899,3984,243.22,1,observed,5805
Sơn La,mien_nui_phia_bac,COM_0420,xa,66.5843,627.82,57.35,0.4382,3.9664,forest,2148.16,8.12,3257,48.92,42,3386,748,55.86,0,MNAR_high_density,6658
Hà Nội,dong_bang_song_hong,COM_0421,xa,71.4543,23.14,41.58,0.6117,1.1025,residential,1486.73,21.43,237459,3323.24,38,228872,46981,3072.93,1,observed,7145
Quảng Ngãi,duyen_hai_mien_trung,COM_0422,thi_tran,25.2175,135.96,3.3,0.2146,4.412,agricultural,2334.04,3.19,9290,368.41,40,9747,2136,398.63,0,MNAR_high_density,2521
Thanh Hóa,duyen_hai_mien_trung,COM_0423,xa,39.2864,378.0,61.35,0.4147,2.0415,residential,1667.67,20.65,10485,266.89,49,11248,2083,283.97,0,MNAR_high_density,3928
Nghệ An,duyen_hai_mien_trung,COM_0424,xa,54.5719,643.39,81.33,0.7342,2.676,forest,2115.39,42.06,5245,96.13,22,4490,953,81.26,1,observed,5457
Sơn La,mien_nui_phia_bac,COM_0425,xa,72.6581,1138.37,14.17,0.1845,0.3047,agricultural,1797.12,37.69,2987,41.12,40,3076,574,45.15,1,observed,7265
Phú Thọ,mien_nui_phia_bac,COM_0426,xa,59.385,462.46,10.64,0.7158,1.1103,forest,1633.73,5.25,14847,250.02,26,16933,4061,307.42,1,observed,5938
Hà Nội,dong_bang_song_hong,COM_0427,thi_tran,36.0191,35.39,25.24,0.8807,4.2897,forest,1766.03,2.98,80906,2246.2,7,90588,16641,2618.03,1,observed,3601
Hà Nội,dong_bang_song_hong,COM_0428,xa,40.5417,20.41,46.8,0.2006,0.4123,forest,1593.31,33.48,27470,677.59,23,29762,5700,696.92,1,observed,4054
Hà Tĩnh,duyen_hai_mien_trung,COM_0429,xa,77.5875,576.46,82.8,0.4699,0.8807,agricultural,2738.3,18.81,11898,153.35,9,12094,2697,171.08,0,MCAR,7758
Lạng Sơn,mien_nui_phia_bac,COM_0430,xa,39.5578,471.27,66.61,0.1424,1.3944,forest,1305.51,11.83,2213,55.96,24,2062,375,56.49,0,MNAR_high_density,3955
Thái Nguyên,mien_nui_phia_bac,COM_0431,thi_tran,18.3613,453.78,26.81,0.3172,3.9884,residential,1469.16,6.22,3377,183.97,42,3309,829,187.28,1,observed,1836
Phú Thọ,mien_nui_phia_bac,COM_0432,thi_tran,23.5384,73.73,2.11,0.8452,3.602,forest,1737.11,7.15,5741,243.92,34,5672,1353,250.54,1,observed,2353
Phú Thọ,mien_nui_phia_bac,COM_0433,xa,33.5145,65.22,8.63,0.2073,2.3034,forest,1932.08,32.12,6794,202.74,43,7548,1687,212.88,1,observed,3351
Sơn La,mien_nui_phia_bac,COM_0434,thi_tran,13.9883,1342.06,21.64,0.3005,2.9933,agricultural,1843.27,13.36,995,71.15,33,940,234,73.76,0,MNAR_high_density,1398
Lạng Sơn,mien_nui_phia_bac,COM_0435,xa,60.908,249.53,17.46,0.6107,0.8773,agricultural,1667.48,15.01,3038,49.89,31,3374,906,52.03,1,observed,6090
Hà Nội,dong_bang_song_hong,COM_0436,xa,28.6339,0.7,26.82,0.2055,2.7268,residential,1503.8,35.02,148908,5200.42,6,159583,42418,5153.84,1,observed,2863
Bắc Ninh,dong_bang_song_hong,COM_0437,xa,30.1964,28.6,23.56,0.8675,3.0553,forest,1620.47,34.12,13252,438.89,6,12464,3107,430.2,1,observed,3019
Phú Thọ,mien_nui_phia_bac,COM_0438,xa,79.4618,122.42,80.62,0.7436,2.5953,forest,1567.32,48.29,14802,186.29,43,15659,3012,191.13,1,observed,7946
Đồng Nai,dong_nam_bo,COM_0439,xa,36.3768,113.76,18.77,0.7392,1.9903,forest,2196.52,42.2,7801,214.47,46,8470,2341,246.59,1,observed,3637
Hà Tĩnh,duyen_hai_mien_trung,COM_0440,xa,75.484,128.62,93.18,0.1251,3.0884,mixed,2194.05,4.58,9249,122.53,40,9300,1816,115.62,1,observed,7548
Quảng Ninh,dong_bang_song_hong,COM_0441,phuong,9.3103,195.93,6.66,0.45,5.3223,residential,1810.91,1.11,4880,524.16,21,4378,906,482.42,1,observed,931
Nghệ An,duyen_hai_mien_trung,COM_0442,phuong,7.73,767.76,3.45,0.4052,7.0368,residential,2173.55,0.95,1280,165.67,9,1402,263,182.6,1,observed,773
An Giang,dong_bang_song_cuu_long,COM_0443,xa,37.3691,10.03,96.62,0.3358,3.1495,forest,1894.46,5.3,12244,327.66,45,12012,3268,352.54,1,observed,3736
Quảng Trị,duyen_hai_mien_trung,COM_0444,xa,58.729,487.15,17.21,0.5929,3.1067,agricultural,2079.72,8.64,5921,100.82,38,5962,1183,98.91,1,observed,5872
Nghệ An,duyen_hai_mien_trung,COM_0445,xa,43.978,833.49,71.35,0.1182,3.1179,agricultural,1677.62,36.62,6760,153.73,19,7061,1498,146.75,0,MNAR_high_density,4397
Nghệ An,duyen_hai_mien_trung,COM_0446,xa,20.7161,986.05,61.85,0.5861,3.8379,forest,2051.39,17.64,2455,118.51,33,2189,519,104.54,0,MNAR_high_density,2071
Hà Tĩnh,duyen_hai_mien_trung,COM_0447,xa,61.1806,404.88,51.84,0.4128,3.0614,agricultural,2008.05,27.75,7462,121.98,25,7898,1450,127.92,0,MAR,6118
Ninh Bình,dong_bang_song_hong,COM_0448,xa,48.3732,52.41,24.96,0.8834,0.4374,forest,2080.45,30.11,11971,247.48,23,12294,3303,232.78,1,observed,4837
Huế,duyen_hai_mien_trung,COM_0449,xa,29.3121,30.26,82.87,0.5443,3.7912,forest,3268.76,25.94,8903,303.75,12,7849,1634,247.45,0,MNAR_high_density,2931
Huế,duyen_hai_mien_trung,COM_0450,xa,55.3548,138.88,31.26,0.6222,0.5778,mixed,3076.44,6.46,97987,1770.18,42,111540,22582,2052.48,1,observed,5535
Nghệ An,duyen_hai_mien_trung,COM_0451,xa,26.6316,999.47,94.48,0.8173,2.508,forest,1818.23,27.28,2014,75.65,47,1912,430,73.75,0,MNAR_high_density,2663
Đồng Nai,dong_nam_bo,COM_0452,thi_tran,31.6781,185.8,19.98,0.7891,4.2138,forest,2402.9,7.21,12744,402.31,9,11393,2949,348.63,1,observed,3167
Lai Châu,mien_nui_phia_bac,COM_0453,xa,54.6767,2131.72,56.56,0.7833,1.1961,forest,2117.94,48.87,1131,20.7,24,1073,228,19.08,0,MNAR_high_density,5467
Ninh Bình,dong_bang_song_hong,COM_0454,thi_tran,32.6227,28.38,20.16,0.5112,1.6688,agricultural,1581.86,2.51,41479,1271.48,36,43866,9000,1355.18,1,observed,3262
Cao Bằng,mien_nui_phia_bac,COM_0455,phuong,6.348,483.38,2.57,0.45,6.8256,residential,1734.0,1.35,625,98.52,23,543,141,83.56,1,observed,634
Hà Tĩnh,duyen_hai_mien_trung,COM_0456,xa,79.7376,337.96,27.1,0.4968,1.3748,forest,1905.82,42.99,11360,142.47,45,11431,2198,139.84,0,MNAR_high_density,7973
Đồng Nai,dong_nam_bo,COM_0457,xa,30.5743,14.0,36.15,0.3609,1.2459,agricultural,2326.08,46.95,9638,315.26,41,8476,1998,284.13,1,observed,3057
Huế,duyen_hai_mien_trung,COM_0458,phuong,13.1428,319.26,8.53,0.45,6.9925,residential,3198.97,1.47,24352,1852.88,20,22402,4504,1569.54,0,MNAR_high_density,1314
Phú Thọ,mien_nui_phia_bac,COM_0459,xa,61.4542,237.68,55.14,0.6356,3.1423,residential,1413.51,6.61,15796,257.04,24,15374,3507,230.61,1,observed,6145
Điện Biên,mien_nui_phia_bac,COM_0460,xa,71.4038,624.58,60.48,0.4253,0.7236,residential,1846.01,4.03,4109,57.55,29,4019,817,58.15,0,MNAR_high_density,7140
Hà Nội,dong_bang_song_hong,COM_0461,phuong,13.081,37.71,8.29,0.45,9.9734,residential,1440.76,1.69,109936,8404.26,47,125721,27954,9598.8,1,observed,1308
Hải Phòng,dong_bang_song_hong,COM_0462,phuong,10.5798,21.74,6.19,0.45,5.9525,residential,1686.34,1.86,15678,1481.95,5,16672,4713,1556.66,1,observed,1057
Nghệ An,duyen_hai_mien_trung,COM_0463,xa,44.6452,375.89,91.84,0.7694,3.8673,forest,1453.19,12.92,5244,117.47,15,5700,1444,132.69,1,observed,4464
Cần Thơ,dong_bang_song_cuu_long,COM_0464,thi_tran,17.6679,7.21,24.22,0.8887,1.6395,forest,2304.86,3.86,9613,544.1,28,10460,2573,558.07,1,observed,1766
Phú Thọ,mien_nui_phia_bac,COM_0465,xa,22.1638,301.54,67.75,0.8102,2.3955,forest,1894.69,11.91,4957,223.67,21,4920,1117,202.4,1,observed,2216
Hải Phòng,dong_bang_song_hong,COM_0466,phuong,4.753,2.7,1.64,0.157,9.9186,residential,1479.53,4.15,8987,1890.92,23,9360,2059,2053.08,1,observed,475
Hải Phòng,dong_bang_song_hong,COM_0467,xa,68.6312,21.35,14.77,0.48,2.4335,agricultural,1425.53,11.96,99334,1447.37,11,112019,28702,1772.42,0,MNAR_high_density,6863
Điện Biên,mien_nui_phia_bac,COM_0468,xa,65.9281,551.81,85.94,0.6792,1.3902,forest,2287.42,36.69,3029,45.95,36,3482,747,56.08,1,observed,6592
Thanh Hóa,duyen_hai_mien_trung,COM_0469,thi_tran,10.2664,564.36,5.31,0.5382,3.632,agricultural,1948.74,13.84,5384,524.51,26,5940,1237,566.08,1,observed,1026
Thanh Hóa,duyen_hai_mien_trung,COM_0470,thi_tran,34.1305,148.58,29.08,0.6488,0.9055,residential,2103.62,7.08,8174,239.52,31,7750,1475,216.57,0,MNAR_high_density,3413
Điện Biên,mien_nui_phia_bac,COM_0471,xa,73.4098,1127.14,82.1,0.1431,0.0119,agricultural,1666.25,48.85,2813,38.33,23,3207,752,39.56,0,MNAR_high_density,7340
Hải Phòng,dong_bang_song_hong,COM_0472,xa,79.9298,18.41,89.53,0.8269,3.1762,forest,1676.56,4.98,21760,272.24,27,22204,4822,296.5,0,MCAR,7992
Vĩnh Long,dong_bang_song_cuu_long,COM_0473,xa,53.5374,2.35,10.02,0.5928,1.2256,forest,2220.44,23.32,16847,314.69,6,14703,2693,249.0,1,observed,5353
Hải Phòng,dong_bang_song_hong,COM_0474,xa,64.7122,3.93,23.87,0.6015,3.0017,mixed,1563.55,6.43,146676,2266.6,22,137493,30160,2287.36,1,observed,6471
Lào Cai,mien_nui_phia_bac,COM_0475,xa,58.4204,2560.81,90.21,0.644,0.1108,residential,2944.77,48.46,4327,74.08,18,4655,1267,81.43,0,MNAR_high_density,5842
Cà Mau,dong_bang_song_cuu_long,COM_0476,xa,70.8951,6.32,18.52,0.2319,1.9211,forest,2303.97,45.86,10353,146.04,38,11077,2593,152.92,0,MNAR_high_density,7089
Đồng Tháp,dong_bang_song_cuu_long,COM_0477,xa,57.437,3.9,97.43,0.1745,3.118,agricultural,2093.18,2.25,16022,278.95,38,16103,3416,272.94,1,observed,5743
Vĩnh Long,dong_bang_song_cuu_long,COM_0478,xa,79.7434,1.81,75.26,0.8584,2.5961,forest,2377.88,49.73,33647,421.95,38,33617,6300,449.47,0,MAR,7974
Hà Tĩnh,duyen_hai_mien_trung,COM_0479,xa,51.3045,8.97,69.77,0.5914,0.1361,forest,2563.43,16.1,8507,165.82,5,7724,1587,163.61,1,observed,5130
Nghệ An,duyen_hai_mien_trung,COM_0480,xa,39.0745,887.39,23.0,0.276,2.7625,residential,1985.89,14.14,6350,162.52,9,5802,1612,134.96,0,MNAR_high_density,3907
Hà Tĩnh,duyen_hai_mien_trung,COM_0481,xa,23.1048,477.45,66.34,0.3091,2.5589,residential,1869.41,49.68,3009,130.25,23,3415,780,159.64,1,observed,2310
Hải Phòng,dong_bang_song_hong,COM_0482,phuong,14.3408,12.09,8.42,0.45,3.5354,residential,1887.19,1.4,34700,2419.67,50,31944,7882,2434.43,1,observed,1434
Hà Nội,dong_bang_song_hong,COM_0483,xa,25.668,37.34,29.93,0.8495,1.0018,forest,1273.65,41.72,25287,985.18,45,28128,7225,1054.27,1,observed,2566
Lai Châu,mien_nui_phia_bac,COM_0484,xa,63.3744,1323.26,41.49,0.5936,0.1007,forest,2605.97,23.2,2889,45.6,21,2739,555,43.93,1,observed,6337
Thanh Hóa,duyen_hai_mien_trung,COM_0485,xa,76.6387,182.24,69.2,0.1399,2.8865,agricultural,1951.52,19.02,11721,152.95,6,11798,2166,153.02,1,observed,7663
Hà Nội,dong_bang_song_hong,COM_0486,xa,23.0576,5.58,41.53,0.1484,2.8078,agricultural,1381.24,20.31,87430,3791.81,9,96944,27678,4211.29,1,observed,2305
Hà Nội,dong_bang_song_hong,COM_0487,xa,74.1532,39.38,22.59,0.5497,0.4525,forest,1773.21,26.12,126500,1705.93,39,109083,27324,1343.22,1,observed,7415
Tuyên Quang,mien_nui_phia_bac,COM_0488,xa,38.7063,1034.14,63.38,0.1083,0.9155,forest,2038.11,3.89,1892,48.9,33,1847,507,44.03,1,observed,3870
Ninh Bình,dong_bang_song_hong,COM_0489,phuong,12.2302,34.64,4.66,0.2963,3.6754,residential,1662.79,0.41,15811,1292.85,36,15485,3018,1220.76,1,observed,1223
Thanh Hóa,duyen_hai_mien_trung,COM_0490,xa,53.0291,84.54,63.66,0.3925,3.8722,agricultural,1636.19,41.87,10727,202.3,29,9969,2083,170.62,0,MCAR,5302
Đồng Nai,dong_nam_bo,COM_0491,xa,30.6792,42.92,85.38,0.107,3.4831,residential,2074.16,40.21,8309,270.85,7,8514,1611,254.96,1,observed,3067
Nghệ An,duyen_hai_mien_trung,COM_0492,xa,37.9706,3.36,27.37,0.3701,1.2888,forest,1437.89,20.06,4269,112.43,17,4886,918,123.94,1,observed,3797
Đắk Lắk,tay_nguyen,COM_0493,phuong,2.904,1136.85,5.25,0.2195,8.4442,residential,1554.7,3.77,534,184.13,11,459,96,149.15,1,observed,290
Hải Phòng,dong_bang_song_hong,COM_0494,xa,60.6783,15.69,22.91,0.7362,3.8445,forest,1833.1,45.98,37718,621.61,35,43224,11721,699.86,1,observed,6067
Sơn La,mien_nui_phia_bac,COM_0495,xa,61.2233,526.77,91.25,0.6145,1.8524,forest,2103.24,24.38,3012,49.21,42,2674,623,42.69,0,MNAR_high_density,6122
Ninh Bình,dong_bang_song_hong,COM_0496,xa,56.145,30.24,80.04,0.1516,1.0529,agricultural,2189.76,35.6,23664,421.49,31,22810,4264,427.78,1,observed,5614
Sơn La,mien_nui_phia_bac,COM_0497,xa,66.7165,504.3,35.65,0.8172,3.085,forest,1993.79,33.73,3412,51.15,20,3601,727,57.69,0,MNAR_high_density,6671
Điện Biên,mien_nui_phia_bac,COM_0498,xa,79.8654,907.4,48.59,0.781,1.2532,forest,2005.49,33.61,2571,32.2,26,2290,577,29.89,0,MNAR_high_density,7986
Đồng Nai,dong_nam_bo,COM_0499,xa,31.9657,166.09,14.05,0.8217,0.1563,forest,2165.58,3.86,13850,433.29,13,14470,3751,479.53,1,observed,3196
Đồng Nai,dong_nam_bo,COM_0500,xa,23.37,49.95,76.75,0.4298,2.264,mixed,1832.39,23.03,5424,232.1,23,5117,948,198.6,1,observed,2337
Huế,duyen_hai_mien_trung,COM_0501,xa,62.1256,355.6,48.35,0.6356,1.794,agricultural,2974.82,39.06,14469,232.9,12,14499,3428,228.92,1,observed,6212
Ninh Bình,dong_bang_song_hong,COM_0502,xa,65.7244,55.86,31.47,0.6672,3.7952,forest,1564.09,16.98,20946,318.7,40,20784,4477,304.48,1,observed,6572
Lai Châu,mien_nui_phia_bac,COM_0503,xa,74.5922,1887.99,35.14,0.6143,1.2498,agricultural,2983.7,20.2,3135,42.04,8,3583,790,46.93,0,MNAR_high_density,7459
Đồng Tháp,dong_bang_song_cuu_long,COM_0504,xa,34.6884,5.17,41.75,0.1287,1.6717,agricultural,1802.75,42.51,10903,314.32,34,11244,2929,331.81,1,observed,3468
Khánh Hòa,tay_nguyen,COM_0505,xa,27.7845,65.32,99.4,0.1071,2.8474,agricultural,1642.04,39.51,6549,235.72,23,6974,1696,270.73,1,observed,2778
Cần Thơ,dong_bang_song_cuu_long,COM_0506,xa,64.4823,3.65,82.04,0.7591,2.2865,forest,1930.89,48.54,19864,308.06,30,19121,4325,269.6,1,observed,6448
Đà Nẵng,duyen_hai_mien_trung,COM_0507,xa,69.3605,404.42,39.32,0.6707,2.3384,forest,2424.48,49.66,30975,446.58,50,27747,6734,420.79,1,observed,6936
Phú Thọ,mien_nui_phia_bac,COM_0508,thi_tran,36.2631,176.35,14.67,0.3822,1.0316,mixed,1662.91,13.96,17746,489.39,16,19866,4055,551.39,1,observed,3626
Cần Thơ,dong_bang_song_cuu_long,COM_0509,xa,29.23,7.6,68.02,0.8594,2.1412,forest,2192.65,24.49,10917,373.5,24,11638,2467,396.67,1,observed,2923
Đắk Lắk,tay_nguyen,COM_0510,xa,62.4644,1309.88,31.38,0.1953,0.941,agricultural,1689.14,29.65,18885,302.34,44,20159,3974,352.05,0,MNAR_high_density,6246
Lạng Sơn,mien_nui_phia_bac,COM_0511,xa,30.1818,923.59,23.55,0.817,0.1535,forest,1513.2,16.69,2074,68.74,11,2332,567,71.92,1,observed,3018
Nghệ An,duyen_hai_mien_trung,COM_0512,phuong,12.735,997.3,7.86,0.45,5.1225,residential,2034.13,3.03,4767,374.39,20,5029,990,431.31,1,observed,1273
Lào Cai,mien_nui_phia_bac,COM_0513,xa,68.027,2818.13,66.8,0.358,1.3604,agricultural,2130.61,44.43,4772,70.15,50,5419,1146,82.34,1,observed,6802
Hà Nội,dong_bang_song_hong,COM_0514,phuong,5.0766,37.3,8.26,0.1842,2.5325,residential,1287.7,4.14,22931,4517.07,22,20630,5069,3782.22,0,MCAR,507
Tuyên Quang,mien_nui_phia_bac,COM_0515,xa,40.8051,1291.5,76.46,0.3383,0.914,agricultural,1500.74,48.13,2846,69.77,6,2666,489,66.92,1,observed,4080
Đắk Lắk,tay_nguyen,COM_0516,xa,43.9833,898.3,62.51,0.8895,1.0797,forest,1662.37,9.67,3171,72.1,23,3543,807,82.29,0,MNAR_high_density,4398
Quảng Ninh,dong_bang_song_hong,COM_0517,xa,24.6955,227.41,96.37,0.168,3.3527,mixed,1958.33,26.72,5264,213.17,47,5576,1414,217.88,0,MNAR_high_density,2469
Ninh Bình,dong_bang_song_hong,COM_0518,xa,47.6588,51.4,92.27,0.2989,3.5519,residential,1953.91,39.36,18804,394.56,34,17199,4257,367.94,1,observed,4765
An Giang,dong_bang_song_cuu_long,COM_0519,phuong,10.3683,11.34,6.92,0.45,9.687,mixed,1634.18,3.38,3611,348.31,9,3302,923,325.98,1,observed,1036
Hà Nội,dong_bang_song_hong,COM_0520,phuong,6.7345,15.72,2.0,0.2182,9.489,residential,1429.99,3.68,34563,5132.3,33,33280,6080,5156.94,1,observed,673
Phú Thọ,mien_nui_phia_bac,COM_0521,xa,34.4905,241.74,74.28,0.1531,0.5101,agricultural,1764.18,48.65,6847,198.52,6,6106,1325,166.33,1,observed,3449
Huế,duyen_hai_mien_trung,COM_0522,xa,29.5305,29.66,89.22,0.2058,0.1886,forest,3347.72,26.21,7260,245.85,18,8020,1936,259.3,1,observed,2953
TP. Hồ Chí Minh,dong_nam_bo,COM_0523,phuong,13.9342,0.28,5.79,0.45,6.6184,mixed,1489.73,2.14,174374,12514.17,25,177406,35284,13443.68,1,observed,1393
Lào Cai,mien_nui_phia_bac,COM_0524,thi_tran,32.6486,1809.24,4.09,0.6432,3.7244,residential,2752.56,6.35,2015,61.74,28,2223,449,63.65,0,MNAR_high_density,3264
Sơn La,mien_nui_phia_bac,COM_0525,xa,76.6998,500.33,16.31,0.7317,2.2202,forest,1502.83,2.69,6245,81.43,11,6691,1284,94.18,0,MAR,7669
Nghệ An,duyen_hai_mien_trung,COM_0526,xa,76.5309,250.6,81.1,0.6339,2.1539,residential,1563.66,9.77,11051,144.41,18,9477,2341,115.34,1,observed,7653
TP. Hồ Chí Minh,dong_nam_bo,COM_0527,phuong,9.2921,47.86,6.74,0.45,4.2253,agricultural,1777.23,1.41,138941,14952.64,45,119557,31000,13662.16,1,observed,929
Bắc Ninh,dong_bang_song_hong,COM_0528,xa,76.2539,27.07,6.94,0.7335,1.832,forest,1694.78,1.33,31489,412.95,42,32619,7950,411.54,1,observed,7625
Hà Tĩnh,duyen_hai_mien_trung,COM_0529,xa,37.458,175.87,26.76,0.8485,1.586,forest,2385.27,15.78,4048,108.07,34,4323,1072,112.06,1,observed,3745
Hải Phòng,dong_bang_song_hong,COM_0530,xa,70.8702,29.84,87.93,0.8119,1.2917,forest,1641.0,14.14,28584,403.34,23,29072,7103,383.12,1,observed,7087
Nghệ An,duyen_hai_mien_trung,COM_0531,thi_tran,29.6334,417.73,22.11,0.1418,2.9979,agricultural,1945.91,2.84,2494,84.19,49,2736,534,98.87,1,observed,2963
Hà Nội,dong_bang_song_hong,COM_0532,thi_tran,11.5842,0.03,14.22,0.7197,0.6568,forest,1591.35,16.55,11928,1029.7,17,12067,2348,956.83,1,observed,1158
Hà Tĩnh,duyen_hai_mien_trung,COM_0533,thi_tran,15.878,477.36,10.2,0.7056,4.7699,forest,2374.27,9.97,2242,141.26,35,2464,480,165.99,1,observed,1587
Thái Nguyên,mien_nui_phia_bac,COM_0534,xa,45.4989,292.45,45.76,0.4159,1.2408,residential,1793.55,7.69,15782,346.87,8,14008,3813,335.56,1,observed,4549
TP. Hồ Chí Minh,dong_nam_bo,COM_0535,phuong,12.6055,15.57,1.39,0.45,7.6401,agricultural,2113.66,1.46,98599,7821.97,28,110731,29877,9536.72,1,observed,1260
Sơn La,mien_nui_phia_bac,COM_0536,thi_tran,10.2899,1094.64,4.51,0.3862,1.5068,mixed,2104.04,16.47,798,77.61,38,832,196,80.41,1,observed,1028
Ninh Bình,dong_bang_song_hong,COM_0537,thi_tran,14.3247,49.14,8.51,0.6328,2.0805,mixed,2073.48,10.11,16580,1157.5,48,15075,2886,1120.38,1,observed,1432
Hà Nội,dong_bang_song_hong,COM_0538,xa,55.0852,6.4,35.5,0.2546,0.458,mixed,1553.6,18.57,238462,4328.97,12,268992,50133,4777.23,1,observed,5508
Gia Lai,tay_nguyen,COM_0539,xa,62.8252,412.47,67.31,0.2306,0.7623,agricultural,1900.33,24.09,5243,83.46,10,5800,1201,89.05,1,observed,6282
Sơn La,mien_nui_phia_bac,COM_0540,xa,42.3763,449.48,91.92,0.3617,2.8339,forest,1603.11,4.13,2528,59.66,36,2317,508,49.65,0,MNAR_high_density,4237
Bắc Ninh,dong_bang_song_hong,COM_0541,phuong,14.1133,22.85,9.27,0.45,7.1951,agricultural,1508.35,0.12,7617,539.73,33,8076,1589,582.55,1,observed,1411
Lạng Sơn,mien_nui_phia_bac,COM_0542,xa,37.2065,336.03,57.19,0.4573,2.0731,agricultural,1763.17,32.29,2612,70.21,9,2885,693,72.81,0,MNAR_high_density,3720
Cao Bằng,mien_nui_phia_bac,COM_0543,xa,25.2643,1165.52,26.06,0.2547,0.4792,mixed,1877.88,47.4,2231,88.32,34,2238,531,91.07,1,observed,2526
Thanh Hóa,duyen_hai_mien_trung,COM_0544,thi_tran,10.6948,40.6,27.31,0.8061,4.1342,forest,1699.61,10.75,2117,197.96,31,2368,619,206.88,1,observed,1069
Hải Phòng,dong_bang_song_hong,COM_0545,xa,57.1196,27.8,29.5,0.6543,3.9499,forest,1490.36,5.33,31372,549.24,48,31139,6218,521.73,1,observed,5711
Cần Thơ,dong_bang_song_cuu_long,COM_0546,xa,30.5217,2.76,10.14,0.8912,3.1346,forest,2088.43,29.2,12950,424.29,26,12161,3044,403.02,1,observed,3052
Thanh Hóa,duyen_hai_mien_trung,COM_0547,xa,67.8848,693.09,27.55,0.5768,0.6706,mixed,1752.2,36.61,13713,202.01,24,15024,2850,237.03,1,observed,6788
TP. Hồ Chí Minh,dong_nam_bo,COM_0548,xa,62.1015,5.1,39.86,0.5421,3.0311,agricultural,2022.04,42.04,363557,5854.24,39,333816,74516,5427.54,1,observed,6210
Nghệ An,duyen_hai_mien_trung,COM_0549,xa,64.1306,681.34,39.41,0.137,0.0811,forest,1657.25,7.75,10756,167.73,22,10488,2161,162.76,1,observed,6413
Hưng Yên,dong_bang_song_hong,COM_0550,xa,65.8854,16.89,90.07,0.4475,3.0792,forest,1354.23,46.53,48913,742.4,6,51205,14349,819.18,1,observed,6588
Hải Phòng,dong_bang_song_hong,COM_0551,phuong,11.4871,25.47,4.99,0.45,4.4977,agricultural,1839.87,1.91,9880,860.17,32,10574,2690,986.71,1,observed,1148
Thanh Hóa,duyen_hai_mien_trung,COM_0552,phuong,5.3795,671.92,6.21,0.45,4.3673,residential,2446.55,3.67,1793,333.47,14,1703,396,330.84,1,observed,537
Đà Nẵng,duyen_hai_mien_trung,COM_0553,thi_tran,33.8771,5.78,15.62,0.2227,3.1949,residential,2033.04,3.69,41530,1225.91,43,47159,12737,1370.7,1,observed,3387
Hà Nội,dong_bang_song_hong,COM_0554,xa,35.1911,1.5,16.3,0.8335,1.3201,forest,1564.88,23.79,47995,1363.85,10,55030,10713,1639.31,1,observed,3519
TP. Hồ Chí Minh,dong_nam_bo,COM_0555,xa,72.2604,0.61,14.24,0.4611,3.0465,mixed,1816.88,18.42,95967,1328.08,38,107745,24157,1570.23,1,observed,7226
Đồng Tháp,dong_bang_song_cuu_long,COM_0556,xa,22.0353,7.3,26.45,0.7247,2.7355,forest,2341.23,48.41,5604,254.35,12,6107,1249,303.64,1,observed,2203
Phú Thọ,mien_nui_phia_bac,COM_0557,xa,77.1219,133.98,70.73,0.5047,2.1494,forest,1693.24,30.42,15798,204.85,9,13949,2970,169.45,1,observed,7712
Lạng Sơn,mien_nui_phia_bac,COM_0558,xa,29.6238,860.58,76.73,0.1297,2.2374,agricultural,1382.07,43.94,2349,79.3,43,2575,703,86.74,0,MNAR_high_density,2962
Hà Nội,dong_bang_song_hong,COM_0559,xa,56.2055,49.23,39.35,0.7505,1.3077,forest,1679.53,30.44,70560,1255.41,42,60607,14454,974.58,1,observed,5620
Lào Cai,mien_nui_phia_bac,COM_0560,xa,34.4392,2519.78,32.22,0.5967,1.2008,agricultural,1856.17,27.24,3130,90.91,35,3370,804,91.2,1,observed,3443
Bắc Ninh,dong_bang_song_hong,COM_0561,thi_tran,12.5667,9.34,2.35,0.4472,3.6846,mixed,1602.15,17.01,13355,1062.79,48,12245,2272,930.55,0,MNAR_high_density,1256
Cà Mau,dong_bang_song_cuu_long,COM_0562,xa,22.9897,5.3,11.03,0.656,3.7464,forest,2698.64,19.21,4559,198.34,17,3986,837,168.78,1,observed,2298
TP. Hồ Chí Minh,dong_nam_bo,COM_0563,thi_tran,28.4783,36.0,19.39,0.5239,3.1023,residential,2090.61,7.06,264540,9289.21,20,301536,77526,10022.29,1,observed,2847
Gia Lai,tay_nguyen,COM_0564,xa,63.7226,1447.98,46.73,0.1779,1.0032,residential,2229.6,26.76,7270,114.09,30,6793,1568,115.02,0,MNAR_high_density,6372
Lạng Sơn,mien_nui_phia_bac,COM_0565,xa,78.2082,659.2,65.41,0.7323,1.0039,forest,1718.67,14.73,5135,65.67,34,5186,1139,70.96,1,observed,7820
Sơn La,mien_nui_phia_bac,COM_0566,xa,42.2677,1849.17,83.01,0.7489,0.9281,forest,2110.37,15.66,2400,56.8,41,2758,504,65.42,1,observed,4226
Huế,duyen_hai_mien_trung,COM_0567,xa,65.8138,133.32,41.36,0.7925,3.8902,forest,3276.36,11.64,18232,277.03,42,16791,3166,263.84,1,observed,6581
Thái Nguyên,mien_nui_phia_bac,COM_0568,xa,56.505,577.13,16.63,0.6399,3.5274,mixed,1665.83,17.88,14750,261.04,36,13290,3007,219.68,0,MNAR_high_density,5650
Lào Cai,mien_nui_phia_bac,COM_0569,xa,34.8903,1841.14,80.22,0.6368,0.4546,agricultural,2584.04,27.92,1106,31.71,37,1097,281,30.67,0,MNAR_high_density,3489
An Giang,dong_bang_song_cuu_long,COM_0570,thi_tran,33.3866,10.39,2.37,0.748,4.9154,forest,1618.22,14.64,9313,278.97,41,9893,2421,279.98,1,observed,3338
Hưng Yên,dong_bang_song_hong,COM_0571,thi_tran,38.7428,11.71,23.88,0.4018,0.5558,residential,1453.6,9.02,46772,1207.25,46,42182,10190,1043.9,1,observed,3874
Hưng Yên,dong_bang_song_hong,COM_0572,xa,56.3919,14.21,72.79,0.8942,1.3991,forest,1281.43,26.44,33836,600.02,20,38177,9475,614.65,0,MCAR,5639
Khánh Hòa,tay_nguyen,COM_0573,xa,57.1731,345.9,29.92,0.4409,0.4264,forest,1863.35,16.06,13779,241.01,13,12266,2422,204.75,1,observed,5717
Hà Nội,dong_bang_song_hong,COM_0574,phuong,13.1668,45.63,2.52,0.45,7.868,agricultural,1427.43,2.63,52509,3988.0,48,46280,8719,3771.89,1,observed,1316
Lào Cai,mien_nui_phia_bac,COM_0575,thi_tran,39.8227,2804.67,27.55,0.3277,1.4905,agricultural,2343.98,0.61,2765,69.44,10,2429,602,61.02,0,MAR,3982
Vĩnh Long,dong_bang_song_cuu_long,COM_0576,xa,77.1119,0.59,82.52,0.2735,0.6548,mixed,1801.11,37.31,26308,341.17,12,29171,5669,392.3,1,observed,7711
Hưng Yên,dong_bang_song_hong,COM_0577,xa,49.2269,2.15,27.49,0.5221,0.3161,mixed,1261.92,10.7,101940,2070.82,47,88747,18172,1850.28,1,observed,4922
Thanh Hóa,duyen_hai_mien_trung,COM_0578,xa,55.3192,461.71,33.94,0.6677,3.5337,forest,2146.32,12.42,10763,194.57,22,9560,2209,159.88,1,observed,5531
Lai Châu,mien_nui_phia_bac,COM_0579,xa,35.4482,2450.14,43.07,0.2299,0.0933,agricultural,3180.06,44.89,1650,46.55,30,1570,333,40.57,0,MNAR_high_density,3544
Hà Tĩnh,duyen_hai_mien_trung,COM_0580,phuong,9.3309,104.07,3.15,0.1278,3.3557,agricultural,2798.52,3.63,2541,272.35,13,2555,715,285.29,1,observed,933
Tuyên Quang,mien_nui_phia_bac,COM_0581,xa,23.3121,1252.7,80.63,0.2131,0.7824,residential,1942.8,4.08,2329,99.91,7,2126,482,92.53,1,observed,2331
Hà Nội,dong_bang_song_hong,COM_0582,xa,39.7017,26.77,85.61,0.6221,3.2273,agricultural,1579.75,15.12,70968,1787.54,20,78647,20893,2026.26,0,MCAR,3970
Lâm Đồng,tay_nguyen,COM_0583,xa,75.1417,2206.65,89.24,0.4832,0.2644,forest,2188.52,17.88,4280,56.96,21,4523,943,60.3,0,MNAR_high_density,7514
Khánh Hòa,tay_nguyen,COM_0584,phuong,2.8889,635.21,4.08,0.45,7.9135,residential,1314.71,1.99,2423,838.73,22,2554,557,942.26,1,observed,288
Lâm Đồng,tay_nguyen,COM_0585,xa,73.6672,2213.33,54.86,0.3214,0.2662,agricultural,2580.63,16.9,4460,60.55,36,4464,962,66.55,1,observed,7366
Điện Biên,mien_nui_phia_bac,COM_0586,xa,66.4168,978.51,28.63,0.861,2.2668,forest,1624.43,41.21,2222,33.47,23,2534,466,36.43,1,observed,6641
Nghệ An,duyen_hai_mien_trung,COM_0587,xa,64.7082,945.47,41.18,0.2079,0.4813,residential,1995.16,49.09,20731,320.39,25,23702,5703,354.1,1,observed,6470
Hà Tĩnh,duyen_hai_mien_trung,COM_0588,phuong,14.5969,535.67,5.7,0.3475,7.5844,mixed,2586.12,4.89,4365,299.05,28,4057,1023,290.43,1,observed,1459
Hà Nội,dong_bang_song_hong,COM_0589,phuong,10.0847,42.91,0.54,0.45,7.4183,residential,1440.81,4.49,54669,5421.07,29,60464,14754,6103.92,1,observed,1008
Ninh Bình,dong_bang_song_hong,COM_0590,xa,62.9679,70.01,63.29,0.3226,0.4431,agricultural,1546.45,12.82,17526,278.34,34,18106,3562,306.05,1,observed,6296
Cao Bằng,mien_nui_phia_bac,COM_0591,xa,37.7036,1246.86,57.78,0.5894,1.4789,forest,1939.29,36.56,1449,38.44,5,1631,318,39.83,0,MNAR_high_density,3770
TP. Hồ Chí Minh,dong_nam_bo,COM_0592,phuong,5.4835,16.2,3.55,0.45,7.2963,mixed,1410.86,2.19,51702,9428.73,6,59039,16731,10391.38,1,observed,548
Huế,duyen_hai_mien_trung,COM_0593,phuong,5.654,10.26,7.99,0.3047,7.5212,residential,3337.46,4.81,7017,1241.24,39,6009,1522,967.83,1,observed,565
Đắk Lắk,tay_nguyen,COM_0594,xa,56.4683,1311.92,53.84,0.4801,0.4078,agricultural,1683.69,42.33,4451,78.84,42,5006,1220,84.47,0,MNAR_high_density,5646
TP. Hồ Chí Minh,dong_nam_bo,COM_0595,xa,26.7215,47.47,51.74,0.6961,0.9099,forest,1509.75,37.32,35352,1322.99,42,33746,6651,1292.37,1,observed,2672
Ninh Bình,dong_bang_song_hong,COM_0596,xa,33.7002,74.55,59.27,0.438,2.2635,agricultural,1701.99,12.82,13022,386.43,30,13103,3007,386.04,1,observed,3370
Thái Nguyên,mien_nui_phia_bac,COM_0597,xa,61.5196,436.64,25.98,0.5051,3.5607,forest,1699.3,15.14,5307,86.27,36,5421,1030,81.45,1,observed,6151
Nghệ An,duyen_hai_mien_trung,COM_0598,thi_tran,17.0769,193.14,12.39,0.8109,2.2453,forest,2076.15,11.33,1984,116.2,29,2239,543,136.79,1,observed,1707
Nghệ An,duyen_hai_mien_trung,COM_0599,thi_tran,17.3406,882.52,3.06,0.6893,1.8137,forest,1762.11,10.85,1687,97.3,19,1476,347,89.28,1,observed,1734
Gia Lai,tay_nguyen,COM_0600,xa,28.8865,1421.45,80.8,0.2871,0.4537,agricultural,1924.33,41.05,2649,91.71,44,2615,696,83.42,0,MNAR_high_density,2888
Hà Nội,dong_bang_song_hong,COM_0601,phuong,6.857,26.19,1.47,0.45,2.4157,agricultural,1259.47,4.23,42826,6245.6,13,46416,9700,7146.85,1,observed,685
Hưng Yên,dong_bang_song_hong,COM_0602,xa,25.873,5.52,44.35,0.134,1.8205,agricultural,1396.37,21.83,48142,1860.71,9,47072,11327,1820.26,1,observed,2587
Tuyên Quang,mien_nui_phia_bac,COM_0603,xa,21.4117,531.37,21.26,0.5055,0.4952,agricultural,2112.43,18.76,946,44.22,12,832,181,38.61,0,MNAR_high_density,2141
Lạng Sơn,mien_nui_phia_bac,COM_0604,thi_tran,13.7383,768.55,8.56,0.6842,4.7734,forest,1659.62,17.6,968,70.51,43,842,174,55.8,1,observed,1373
Quảng Trị,duyen_hai_mien_trung,COM_0605,xa,23.7512,211.81,17.77,0.2013,1.6594,agricultural,2091.73,30.61,3929,165.46,36,3675,677,168.08,1,observed,2375
An Giang,dong_bang_song_cuu_long,COM_0606,xa,49.8083,3.68,50.85,0.2754,1.939,agricultural,1973.32,38.23,13005,261.11,37,13128,3269,237.97,1,observed,4980
Bắc Ninh,dong_bang_song_hong,COM_0607,thi_tran,14.9276,3.98,28.72,0.3279,2.0984,agricultural,1749.13,11.48,18164,1216.83,45,17322,3393,1248.46,1,observed,1492
Hải Phòng,dong_bang_song_hong,COM_0608,xa,20.7231,22.89,97.17,0.8247,3.8843,forest,1730.19,4.83,10391,501.46,42,10133,2182,455.09,1,observed,2072
Hà Tĩnh,duyen_hai_mien_trung,COM_0609,xa,69.8864,194.81,93.77,0.5551,2.0823,agricultural,2200.67,41.08,8997,128.75,7,7881,1559,110.86,1,observed,6988
Hà Tĩnh,duyen_hai_mien_trung,COM_0610,xa,46.4347,32.5,42.67,0.8202,3.2295,forest,2727.42,8.49,3951,85.09,10,4285,884,95.0,1,observed,4643
Ninh Bình,dong_bang_song_hong,COM_0611,xa,42.4353,35.68,43.92,0.2456,2.9399,agricultural,1511.38,48.24,70276,1656.09,5,66849,14157,1609.6,1,observed,4243
Thái Nguyên,mien_nui_phia_bac,COM_0612,thi_tran,11.1966,259.17,25.6,0.5972,3.0333,agricultural,1957.66,6.96,2763,246.83,18,3089,762,284.63,0,MNAR_high_density,1119
Đắk Lắk,tay_nguyen,COM_0613,thi_tran,21.0204,920.18,8.85,0.3797,0.5282,agricultural,1583.42,3.0,1167,55.54,14,1209,327,63.15,1,observed,2102
Quảng Ngãi,duyen_hai_mien_trung,COM_0614,xa,49.8457,56.16,45.7,0.3746,3.9429,forest,2865.63,26.28,6010,120.58,28,5131,1135,110.67,1,observed,4984
Gia Lai,tay_nguyen,COM_0615,xa,63.5799,980.45,24.65,0.6192,2.3873,forest,2224.9,45.84,5373,84.51,9,6036,1721,97.55,0,MNAR_high_density,6357
Đà Nẵng,duyen_hai_mien_trung,COM_0616,phuong,10.0823,283.64,6.85,0.45,9.6757,residential,2299.77,2.95,14960,1483.82,18,13381,2491,1212.59,1,observed,1008
An Giang,dong_bang_song_cuu_long,COM_0617,xa,46.3415,2.52,73.86,0.2064,3.6394,agricultural,1629.34,33.29,11913,257.07,36,13149,2836,307.53,1,observed,4634
Thanh Hóa,duyen_hai_mien_trung,COM_0618,thi_tran,24.1894,72.27,13.37,0.4228,3.4176,residential,2374.75,0.82,13520,558.93,16,15059,3085,581.71,1,observed,2418
An Giang,dong_bang_song_cuu_long,COM_0619,xa,61.1857,10.75,13.22,0.7291,0.6666,forest,1797.65,18.51,22963,375.31,22,26385,4914,425.59,0,MCAR,6118
Hà Nội,dong_bang_song_hong,COM_0620,thi_tran,15.6497,1.56,5.1,0.5961,1.5874,residential,1554.12,17.06,57477,3672.74,26,51661,10238,3535.79,1,observed,1564
Đồng Tháp,dong_bang_song_cuu_long,COM_0621,xa,21.6268,6.68,45.29,0.2913,2.1052,agricultural,2195.03,8.3,9568,442.43,6,9885,1976,498.76,1,observed,2162
Ninh Bình,dong_bang_song_hong,COM_0622,xa,54.9199,40.08,49.85,0.7543,2.9953,forest,1738.96,40.23,24253,441.62,8,22690,4557,391.56,1,observed,5491
TP. Hồ Chí Minh,dong_nam_bo,COM_0623,xa,51.8869,36.81,97.73,0.1093,1.3421,agricultural,1630.83,41.05,49017,944.7,38,47645,12577,938.61,1,observed,5188
Ninh Bình,dong_bang_song_hong,COM_0624,phuong,13.9972,45.42,7.19,0.2193,6.2671,mixed,1819.37,0.86,12872,919.64,11,13678,2487,880.94,1,observed,1399
Hà Nội,dong_bang_song_hong,COM_0625,phuong,2.7201,8.73,1.01,0.45,7.4457,residential,1390.79,2.57,17950,6599.09,27,16532,4134,6164.3,1,observed,272
Thanh Hóa,duyen_hai_mien_trung,COM_0626,xa,55.7324,81.29,30.64,0.6324,1.6243,agricultural,2297.93,49.24,23999,430.62,43,27372,5633,515.93,1,observed,5573
Hà Nội,dong_bang_song_hong,COM_0627,xa,57.3075,13.66,9.8,0.5757,1.2143,forest,1701.75,1.89,116431,2031.69,43,120300,26111,2055.61,1,observed,5730
An Giang,dong_bang_song_cuu_long,COM_0628,xa,26.9054,8.87,66.59,0.495,2.1369,mixed,2146.54,6.49,8241,306.33,33,9023,2111,361.26,1,observed,2690
Vĩnh Long,dong_bang_song_cuu_long,COM_0629,xa,30.3568,9.44,57.33,0.3926,0.8373,mixed,2231.51,11.68,8024,264.35,34,7373,1974,236.94,1,observed,3035
Thanh Hóa,duyen_hai_mien_trung,COM_0630,xa,23.8515,444.5,13.57,0.5544,1.5909,residential,2148.12,36.83,8354,350.29,38,7445,1961,318.32,1,observed,2385
Cần Thơ,dong_bang_song_cuu_long,COM_0631,thi_tran,26.0491,6.75,10.96,0.1074,3.2972,agricultural,2059.68,16.58,42685,1638.65,47,39820,7533,1593.31,1,observed,2604
Thanh Hóa,duyen_hai_mien_trung,COM_0632,xa,29.7708,759.49,67.28,0.2847,0.8748,mixed,2107.86,44.79,5130,172.32,31,4934,1363,180.91,1,observed,2977
Lạng Sơn,mien_nui_phia_bac,COM_0633,xa,44.6768,602.17,22.0,0.4312,3.1579,mixed,1556.17,15.67,5819,130.25,28,6389,1751,129.01,0,MNAR_high_density,4467
Quảng Ngãi,duyen_hai_mien_trung,COM_0634,xa,48.0659,686.97,48.98,0.4315,0.4597,agricultural,2476.46,9.85,13499,280.85,38,12563,2628,271.33,1,observed,4806
Đồng Nai,dong_nam_bo,COM_0635,xa,70.8965,169.3,54.13,0.5514,3.4414,mixed,2361.59,41.11,38040,536.56,28,43473,9472,573.51,1,observed,7089
Quảng Ninh,dong_bang_song_hong,COM_0636,xa,57.4617,142.77,63.99,0.431,1.9072,agricultural,2107.9,34.59,10540,183.43,29,11117,2323,199.37,1,observed,5746
Hà Nội,dong_bang_song_hong,COM_0637,xa,57.8007,42.56,19.75,0.6877,0.8125,forest,1362.46,35.79,108509,1877.31,8,93611,17768,1687.43,1,observed,5780
Cần Thơ,dong_bang_song_cuu_long,COM_0638,xa,69.0125,1.65,33.6,0.1405,1.4311,mixed,1997.59,43.13,40225,582.87,5,38686,8055,559.48,1,observed,6901
Sơn La,mien_nui_phia_bac,COM_0639,xa,21.173,657.17,7.06,0.8577,3.9999,forest,2009.78,6.3,1235,58.37,28,1235,256,52.78,1,observed,2117
Cần Thơ,dong_bang_song_cuu_long,COM_0640,xa,56.5947,1.41,52.2,0.5668,2.561,residential,1857.36,13.68,24382,430.82,37,26179,6292,426.65,1,observed,5659
Phú Thọ,mien_nui_phia_bac,COM_0641,thi_tran,25.2925,112.39,15.6,0.3493,2.5351,agricultural,1944.76,10.05,12864,508.61,9,12558,2596,530.09,1,observed,2529
Quảng Ninh,dong_bang_song_hong,COM_0642,xa,28.0098,57.69,18.62,0.7482,2.8343,forest,2171.24,19.34,5653,201.84,35,5732,1115,205.11,1,observed,2800
Hà Nội,dong_bang_song_hong,COM_0643,phuong,9.221,40.1,9.28,0.45,2.2958,residential,1229.22,0.64,46712,5065.83,50,51833,10410,5959.44,0,MAR,922
An Giang,dong_bang_song_cuu_long,COM_0644,thi_tran,25.2651,11.73,21.0,0.227,2.8143,mixed,1632.55,12.94,16394,648.9,14,18397,4438,662.88,0,MAR,2526
Phú Thọ,mien_nui_phia_bac,COM_0645,xa,29.6652,164.23,5.23,0.5197,0.819,forest,1977.33,11.23,16476,555.4,29,18684,4089,586.68,1,observed,2966
Thanh Hóa,duyen_hai_mien_trung,COM_0646,xa,25.0101,669.69,21.18,0.4285,3.369,agricultural,2431.15,11.26,8964,358.43,21,9480,2211,398.1,1,observed,2501
An Giang,dong_bang_song_cuu_long,COM_0647,xa,30.6755,10.14,71.98,0.3651,0.9888,residential,1667.51,31.65,9871,321.8,45,8466,1624,268.68,1,observed,3067
TP. Hồ Chí Minh,dong_nam_bo,COM_0648,xa,75.5977,49.1,78.54,0.8324,0.5892,forest,1923.57,10.72,87173,1153.12,47,96835,20966,1390.15,1,observed,7559
Quảng Ngãi,duyen_hai_mien_trung,COM_0649,thi_tran,21.7736,721.57,26.55,0.3589,3.5537,mixed,2920.25,12.76,2163,99.36,10,1993,487,89.56,1,observed,2177
TP. Hồ Chí Minh,dong_nam_bo,COM_0650,thi_tran,30.9479,18.58,21.82,0.2711,3.4025,agricultural,1535.8,12.48,199063,6432.22,20,206326,41588,7058.81,1,observed,3094
Bắc Ninh,dong_bang_song_hong,COM_0651,phuong,14.2526,9.58,2.93,0.45,7.7495,residential,1330.94,0.22,13623,955.84,42,13811,2917,928.68,0,MAR,1425
TP. Hồ Chí Minh,dong_nam_bo,COM_0652,xa,40.9839,12.58,66.37,0.4785,3.1722,agricultural,1412.33,24.65,59113,1442.36,5,58403,15012,1436.2,1,observed,4098
TP. Hồ Chí Minh,dong_nam_bo,COM_0653,phuong,7.731,44.69,4.53,0.45,8.9848,residential,2115.67,2.05,98320,12717.74,11,85496,19747,10693.81,1,observed,773
Thanh Hóa,duyen_hai_mien_trung,COM_0654,xa,60.7726,274.47,9.68,0.3419,3.6271,agricultural,2364.67,25.92,24302,399.89,31,21442,4810,335.91,1,observed,6077
An Giang,dong_bang_song_cuu_long,COM_0655,phuong,2.1966,1.9,0.69,0.2059,6.4734,residential,2188.45,4.06,849,386.71,5,813,181,382.69,1,observed,219
TP. Hồ Chí Minh,dong_nam_bo,COM_0656,xa,20.258,22.48,75.19,0.2882,2.848,residential,2126.41,47.55,52687,2600.81,38,53330,11292,2475.91,0,MCAR,2025
Nghệ An,duyen_hai_mien_trung,COM_0657,xa,24.512,680.75,52.44,0.2639,3.5169,agricultural,1627.65,14.37,3034,123.81,6,2787,549,115.36,1,observed,2451
An Giang,dong_bang_song_cuu_long,COM_0658,phuong,10.5855,4.31,8.32,0.45,9.0393,mixed,2067.57,3.51,4839,457.2,20,5127,1274,488.39,0,MAR,1058
Ninh Bình,dong_bang_song_hong,COM_0659,xa,72.1811,55.87,69.04,0.5201,2.6285,mixed,1570.37,16.47,26739,370.45,9,29475,5376,380.73,1,observed,7218
Đồng Tháp,dong_bang_song_cuu_long,COM_0660,xa,26.0515,3.44,18.03,0.7381,2.1552,forest,1801.98,27.6,6642,254.96,41,6341,1300,251.51,1,observed,2605
Hưng Yên,dong_bang_song_hong,COM_0661,xa,47.0654,8.05,77.93,0.8145,2.6276,forest,1262.21,15.47,22344,474.76,48,25364,5868,556.95,1,observed,4706
Lâm Đồng,tay_nguyen,COM_0662,xa,73.4347,767.44,32.3,0.7926,3.7607,forest,2225.93,10.44,5025,68.43,45,4684,1135,65.77,1,observed,7343
Cà Mau,dong_bang_song_cuu_long,COM_0663,xa,47.265,7.95,18.4,0.1319,2.8068,mixed,2256.88,43.35,11100,234.85,29,10363,2120,209.95,1,observed,4726
Đắk Lắk,tay_nguyen,COM_0664,xa,28.9801,1075.13,80.23,0.7144,0.7384,forest,2012.28,29.6,1767,60.98,29,1534,357,56.41,1,observed,2898
Hải Phòng,dong_bang_song_hong,COM_0665,xa,64.9504,10.01,36.41,0.2018,0.7954,mixed,1667.77,12.17,107819,1660.03,17,101879,26434,1617.47,1,observed,6495
Quảng Ninh,dong_bang_song_hong,COM_0666,xa,63.9391,211.63,27.45,0.3266,1.7249,agricultural,2056.72,20.16,40941,640.32,11,43474,11868,675.84,0,MNAR_high_density,6393
Đà Nẵng,duyen_hai_mien_trung,COM_0667,xa,64.4055,337.09,68.99,0.5886,2.0978,residential,2842.8,48.25,38864,603.44,5,41479,8663,610.19,0,MNAR_high_density,6440
Hải Phòng,dong_bang_song_hong,COM_0668,xa,64.6397,15.95,50.23,0.4596,2.5797,agricultural,1932.84,40.78,39066,604.37,40,44601,8406,748.22,1,observed,6463
Điện Biên,mien_nui_phia_bac,COM_0669,xa,67.2245,1453.99,62.14,0.7522,0.1117,forest,2221.8,36.06,3015,44.86,32,2741,602,37.8,1,observed,6722
Điện Biên,mien_nui_phia_bac,COM_0670,thi_tran,13.4646,1956.9,27.83,0.3601,1.6648,agricultural,2220.95,7.46,426,31.69,6,403,105,30.88,1,observed,1346
Đắk Lắk,tay_nguyen,COM_0671,thi_tran,33.2482,798.76,13.11,0.7399,1.3097,forest,1955.23,6.61,2533,76.2,26,2851,548,82.7,0,MAR,3324
Nghệ An,duyen_hai_mien_trung,COM_0672,xa,20.0764,23.28,70.58,0.4301,3.3659,residential,1411.06,20.02,2192,109.19,9,2397,658,121.12,1,observed,2007
Khánh Hòa,tay_nguyen,COM_0673,xa,67.6015,695.37,78.47,0.1847,0.3069,mixed,1310.56,20.17,11534,170.62,13,11052,2277,149.59,1,observed,6760
Huế,duyen_hai_mien_trung,COM_0674,phuong,11.4069,308.38,6.22,0.45,2.3975,residential,3227.29,0.62,15292,1340.62,34,16861,4684,1456.82,1,observed,1140
Hải Phòng,dong_bang_song_hong,COM_0675,thi_tran,28.4316,11.21,20.24,0.1869,0.562,agricultural,1673.93,8.18,60031,2111.42,18,61715,17415,2177.22,1,observed,2843
Hà Nội,dong_bang_song_hong,COM_0676,phuong,2.5873,24.07,9.61,0.45,5.9641,residential,1351.46,1.54,17702,6842.22,17,20275,3710,8546.33,0,MAR,258
Hưng Yên,dong_bang_song_hong,COM_0677,thi_tran,26.7275,15.02,25.15,0.5362,3.2896,residential,1629.48,2.88,49449,1850.12,32,43170,11099,1454.93,1,observed,2672
Lai Châu,mien_nui_phia_bac,COM_0678,xa,51.6259,1921.99,35.13,0.4821,1.2275,forest,2970.14,49.38,1481,28.7,12,1555,312,31.62,1,observed,5162
Cần Thơ,dong_bang_song_cuu_long,COM_0679,xa,69.4174,4.33,46.43,0.8875,3.5831,forest,1945.37,45.6,23077,332.45,35,22561,4126,298.81,1,observed,6941
Quảng Ninh,dong_bang_song_hong,COM_0680,phuong,6.9522,151.79,4.61,0.1869,3.2282,mixed,2139.07,0.34,1530,220.13,12,1624,319,220.9,1,observed,695
Quảng Trị,duyen_hai_mien_trung,COM_0681,xa,41.6772,98.13,57.4,0.4915,3.4076,forest,2876.14,37.0,4138,99.3,30,4571,905,111.38,1,observed,4167
TP. Hồ Chí Minh,dong_nam_bo,COM_0682,xa,21.1927,7.08,8.06,0.4223,3.1988,agricultural,2071.2,3.33,146470,6911.35,40,161973,40016,7644.17,1,observed,2119
Đắk Lắk,tay_nguyen,COM_0683,xa,63.3736,1493.08,46.61,0.442,0.4298,agricultural,1840.28,36.71,8185,129.17,18,7819,1602,123.19,1,observed,6337
Hà Nội,dong_bang_song_hong,COM_0684,thi_tran,38.7568,24.12,23.92,0.1662,2.69,agricultural,1762.7,11.65,169683,4378.15,30,166573,47011,4578.38,1,observed,3875
Lâm Đồng,tay_nguyen,COM_0685,xa,74.7817,1169.89,53.27,0.7895,0.6842,forest,2631.26,22.87,6526,87.27,16,6744,1308,83.61,1,observed,7478
Hà Nội,dong_bang_song_hong,COM_0686,xa,59.2461,48.49,98.53,0.3306,2.9483,forest,1407.9,7.07,44453,750.32,45,43985,8062,729.28,1,observed,5924
Sơn La,mien_nui_phia_bac,COM_0687,xa,68.9745,1857.36,79.74,0.5662,0.8168,agricultural,1630.26,40.78,4850,70.33,32,4740,891,63.5,0,MNAR_high_density,6897
Quảng Trị,duyen_hai_mien_trung,COM_0688,thi_tran,31.2568,482.75,28.79,0.5644,2.7862,agricultural,2701.29,18.46,14311,457.87,43,15876,4371,497.52,1,observed,3125
Cao Bằng,mien_nui_phia_bac,COM_0689,xa,76.399,1052.94,54.43,0.7384,0.3953,forest,1891.84,1.15,5288,69.22,37,5849,1362,81.52,0,MCAR,7639
Thái Nguyên,mien_nui_phia_bac,COM_0690,xa,70.2326,132.8,21.57,0.1388,0.8089,residential,1702.53,26.89,36584,520.91,38,31692,6056,408.16,1,observed,7023
Gia Lai,tay_nguyen,COM_0691,xa,32.9372,1421.14,92.47,0.8589,0.4465,forest,2173.56,33.49,1796,54.54,29,2040,392,59.38,0,MCAR,3293
Nghệ An,duyen_hai_mien_trung,COM_0692,thi_tran,11.0547,44.95,7.36,0.5866,0.5794,agricultural,1446.53,8.37,1559,141.06,34,1667,422,161.91,1,observed,1105
Hà Tĩnh,duyen_hai_mien_trung,COM_0693,xa,72.3969,288.29,98.64,0.7999,2.0664,forest,1869.29,12.0,7956,109.9,27,8206,1561,121.22,1,observed,7239
Gia Lai,tay_nguyen,COM_0694,xa,40.3743,1220.76,94.31,0.3803,0.3013,agricultural,1881.47,49.51,3052,75.6,48,2822,598,68.52,0,MNAR_high_density,4037
Tây Ninh,dong_nam_bo,COM_0695,xa,25.5111,108.76,53.63,0.8203,0.7942,forest,1876.55,10.61,3702,145.15,14,3369,658,125.37,1,observed,2551
Lạng Sơn,mien_nui_phia_bac,COM_0696,xa,44.8853,527.17,97.09,0.2399,0.6477,residential,1595.12,49.6,2959,65.93,5,2551,567,58.59,1,observed,4488
Hà Tĩnh,duyen_hai_mien_trung,COM_0697,thi_tran,31.1502,150.52,26.14,0.4071,1.3983,agricultural,2055.2,5.1,7878,252.91,17,6854,1534,217.12,0,MCAR,3115
Thái Nguyên,mien_nui_phia_bac,COM_0698,xa,36.5748,452.22,32.96,0.3749,1.8384,agricultural,1990.59,11.94,6934,189.61,12,7386,1918,205.23,1,observed,3657
Điện Biên,mien_nui_phia_bac,COM_0699,xa,48.7907,1318.05,84.51,0.7152,1.0175,forest,1837.14,24.47,3178,65.15,42,3246,895,63.48,0,MNAR_high_density,4879
Hưng Yên,dong_bang_song_hong,COM_0700,xa,77.0001,5.7,70.81,0.12,1.0864,agricultural,1215.5,31.27,60979,791.94,36,59077,16490,705.85,1,observed,7700
Khánh Hòa,tay_nguyen,COM_0701,thi_tran,28.1744,477.56,23.99,0.1597,1.4131,mixed,1657.79,9.42,16811,596.7,45,14837,2719,491.31,1,observed,2817
Quảng Trị,duyen_hai_mien_trung,COM_0702,xa,40.2702,163.27,19.35,0.2116,2.8603,agricultural,2117.98,49.94,5415,134.47,40,5513,1427,146.4,1,observed,4027
Tây Ninh,dong_nam_bo,COM_0703,phuong,11.2477,27.93,2.38,0.2358,4.4464,agricultural,2140.64,1.38,3492,310.5,39,3083,867,252.34,1,observed,1124
Nghệ An,duyen_hai_mien_trung,COM_0704,xa,55.148,454.52,78.33,0.5445,1.1537,forest,1814.2,9.7,5701,103.38,23,6061,1490,110.84,1,observed,5514
Đồng Nai,dong_nam_bo,COM_0705,xa,58.7522,171.92,34.81,0.7001,3.0204,forest,1967.44,31.44,21880,372.42,46,23675,6761,403.05,1,observed,5875
Thanh Hóa,duyen_hai_mien_trung,COM_0706,xa,53.2194,785.12,16.36,0.7056,1.3706,forest,1617.05,21.67,9327,175.26,16,9540,1928,191.32,1,observed,5321
Hưng Yên,dong_bang_song_hong,COM_0707,xa,22.0327,13.66,95.3,0.7633,1.1449,forest,1226.66,47.08,12986,589.43,47,12840,2958,538.42,0,MAR,2203
Hưng Yên,dong_bang_song_hong,COM_0708,xa,26.345,6.77,82.49,0.4067,3.1014,forest,1255.41,30.82,17251,654.84,49,19236,4233,737.79,1,observed,2634
Quảng Ngãi,duyen_hai_mien_trung,COM_0709,xa,47.7041,495.61,25.43,0.4427,3.757,agricultural,3105.9,49.72,4923,103.21,41,5646,1066,128.41,0,MAR,4770
Vĩnh Long,dong_bang_song_cuu_long,COM_0710,thi_tran,17.8652,1.54,22.26,0.5631,0.7902,agricultural,1925.1,19.37,4932,276.07,45,5047,932,273.54,1,observed,1786
Gia Lai,tay_nguyen,COM_0711,thi_tran,14.2847,531.25,14.97,0.6957,1.834,forest,1716.67,12.99,1007,70.54,9,943,208,70.07,1,observed,1428
Quảng Trị,duyen_hai_mien_trung,COM_0712,thi_tran,16.8232,242.24,18.41,0.5487,1.2912,agricultural,2222.33,7.3,1557,92.61,49,1487,356,88.6,1,observed,1682
Lào Cai,mien_nui_phia_bac,COM_0713,thi_tran,30.0229,1410.44,20.26,0.3776,2.5508,agricultural,1854.7,8.89,3536,117.79,24,3333,944,103.37,1,observed,3002
Thanh Hóa,duyen_hai_mien_trung,COM_0714,xa,24.2002,136.52,64.17,0.3445,0.8982,agricultural,1714.82,31.52,4686,193.65,13,4335,807,176.05,1,observed,2420
Tuyên Quang,mien_nui_phia_bac,COM_0715,xa,23.8609,655.3,21.73,0.6297,3.5221,agricultural,1733.02,33.85,1227,51.45,30,1080,280,49.18,0,MNAR_high_density,2386
Bắc Ninh,dong_bang_song_hong,COM_0716,thi_tran,15.6568,2.3,18.92,0.8893,3.5239,forest,1655.38,19.7,6261,399.91,38,5330,1180,370.18,1,observed,1565
Hưng Yên,dong_bang_song_hong,COM_0717,xa,40.9316,14.34,49.32,0.389,3.4179,agricultural,1306.92,45.1,49277,1203.91,23,43717,10992,1120.84,1,observed,4093
TP. Hồ Chí Minh,dong_nam_bo,COM_0718,xa,59.1269,36.06,18.78,0.8381,1.179,forest,2069.24,44.78,157817,2669.14,34,154797,32773,2399.11,1,observed,5912
Hà Tĩnh,duyen_hai_mien_trung,COM_0719,xa,45.5515,366.5,5.37,0.6011,1.1673,agricultural,2097.72,49.82,6358,139.58,48,5984,1404,144.22,1,observed,4555
Hưng Yên,dong_bang_song_hong,COM_0720,xa,55.1706,6.45,71.24,0.8656,2.3707,forest,1532.17,22.42,24249,439.54,38,22084,4823,398.79,1,observed,5517
Cần Thơ,dong_bang_song_cuu_long,COM_0721,xa,69.6629,1.94,66.12,0.4609,0.4632,residential,1968.91,38.57,27020,387.87,43,28770,5656,445.49,1,observed,6966
Bắc Ninh,dong_bang_song_hong,COM_0722,phuong,2.5034,9.87,5.21,0.3851,6.4848,residential,1638.97,3.37,1972,787.81,41,2029,491,782.99,1,observed,250
Hà Tĩnh,duyen_hai_mien_trung,COM_0723,thi_tran,35.4353,50.28,3.32,0.3199,2.641,mixed,2590.08,4.35,7016,198.0,24,6330,1474,183.13,1,observed,3543
Lạng Sơn,mien_nui_phia_bac,COM_0724,xa,75.4475,744.89,44.44,0.8916,0.3076,forest,1759.27,25.58,4296,56.95,33,4216,1042,57.65,1,observed,7544
Thái Nguyên,mien_nui_phia_bac,COM_0725,xa,33.089,564.05,77.85,0.2333,0.2232,agricultural,1864.41,32.89,3710,112.13,21,3745,958,118.3,0,MNAR_high_density,3308
Lai Châu,mien_nui_phia_bac,COM_0726,xa,77.2101,2491.64,40.24,0.6674,0.6176,forest,2167.41,17.51,2068,26.79,15,1892,356,22.47,0,MNAR_high_density,7721
Hưng Yên,dong_bang_song_hong,COM_0727,xa,50.2727,17.19,47.58,0.3236,3.4291,agricultural,1465.36,48.85,47571,946.26,23,43292,8907,806.26,1,observed,5027
Bắc Ninh,dong_bang_song_hong,COM_0728,xa,29.5696,20.2,30.71,0.3183,0.6906,agricultural,1465.63,23.25,15495,524.05,48,13769,2822,506.99,1,observed,2956
Bắc Ninh,dong_bang_song_hong,COM_0729,xa,20.4251,17.89,30.08,0.2503,0.2097,agricultural,1739.48,17.5,23865,1168.44,48,25238,5464,1112.32,0,MNAR_high_density,2042
Sơn La,mien_nui_phia_bac,COM_0730,xa,46.6274,1252.05,74.88,0.8716,1.2739,forest,1897.21,29.6,2982,63.96,35,3175,701,73.14,1,observed,4662
Cao Bằng,mien_nui_phia_bac,COM_0731,xa,24.8463,1168.41,57.47,0.7687,0.4269,forest,1711.48,6.76,1460,58.77,36,1594,429,65.62,1,observed,2484
Điện Biên,mien_nui_phia_bac,COM_0732,xa,40.2488,635.74,96.0,0.5675,2.7325,agricultural,2325.88,44.92,1731,43.01,16,1809,420,40.51,1,observed,4024
Vĩnh Long,dong_bang_song_cuu_long,COM_0733,xa,41.9395,2.27,12.94,0.1814,3.8397,forest,1946.98,26.93,10820,258.0,32,9935,2182,223.15,0,MNAR_high_density,4193
Đắk Lắk,tay_nguyen,COM_0734,xa,67.9451,779.75,53.88,0.1931,3.7262,residential,1645.86,15.63,10873,160.04,47,11688,2713,155.72,1,observed,6794
Tây Ninh,dong_nam_bo,COM_0735,xa,55.9568,97.66,69.68,0.5602,3.4739,agricultural,1839.06,48.16,9249,165.29,25,9429,1833,175.96,1,observed,5595
TP. Hồ Chí Minh,dong_nam_bo,COM_0736,phuong,2.4426,3.2,1.67,0.4434,8.6341,residential,1742.03,3.04,21392,8758.09,13,20377,4764,7526.66,1,observed,244
Tây Ninh,dong_nam_bo,COM_0737,xa,50.0676,81.3,34.93,0.3507,2.9932,residential,2340.05,33.1,32766,654.45,25,28234,5302,583.7,1,observed,5006
Hưng Yên,dong_bang_song_hong,COM_0738,thi_tran,26.9159,14.42,3.65,0.5783,4.1716,agricultural,1456.12,5.54,36428,1353.43,29,40741,10522,1460.14,1,observed,2691
Hà Tĩnh,duyen_hai_mien_trung,COM_0739,xa,53.4689,551.58,90.12,0.388,1.0685,forest,2524.98,25.76,7749,144.94,5,8722,1809,177.13,1,observed,5346
Lai Châu,mien_nui_phia_bac,COM_0740,xa,68.1095,2380.89,95.92,0.4405,0.4038,agricultural,2753.83,31.49,2452,36.01,15,2175,406,28.83,1,observed,6810
Khánh Hòa,tay_nguyen,COM_0741,xa,48.9159,43.73,52.48,0.5509,1.0994,forest,1261.41,11.23,7645,156.29,36,8169,2267,154.53,1,observed,4891
Đắk Lắk,tay_nguyen,COM_0742,xa,56.7055,968.48,57.68,0.6341,2.6374,agricultural,1907.71,18.38,4560,80.43,9,4501,977,82.12,1,observed,5670
Gia Lai,tay_nguyen,COM_0743,xa,29.5077,1273.76,57.92,0.4815,0.4205,mixed,2177.73,39.13,2983,101.11,46,3058,673,98.94,0,MNAR_high_density,2950
Đồng Tháp,dong_bang_song_cuu_long,COM_0744,xa,23.7734,7.6,55.87,0.2351,0.7022,forest,1810.81,37.6,6295,264.8,13,5404,1058,210.3,1,observed,2377
Quảng Ninh,dong_bang_song_hong,COM_0745,xa,34.9352,212.89,76.91,0.849,3.6323,forest,2201.47,29.38,8631,247.07,34,9212,1809,260.59,1,observed,3493
Quảng Trị,duyen_hai_mien_trung,COM_0746,xa,52.5824,545.43,81.27,0.1328,3.5231,mixed,2742.16,6.88,6008,114.27,37,6700,1446,136.41,1,observed,5258
Đồng Tháp,dong_bang_song_cuu_long,COM_0747,thi_tran,28.083,11.71,10.63,0.1009,4.8956,agricultural,2101.65,14.4,12918,460.01,10,14186,3175,522.57,1,observed,2808
Đắk Lắk,tay_nguyen,COM_0748,xa,62.114,744.36,7.11,0.506,1.1788,agricultural,2149.0,8.5,14583,234.78,46,15168,3287,264.91,0,MNAR_high_density,6211
Lâm Đồng,tay_nguyen,COM_0749,xa,50.3615,1515.21,15.75,0.5785,1.0831,agricultural,2545.97,6.83,4383,87.04,19,4372,977,82.8,1,observed,5036
Đồng Tháp,dong_bang_song_cuu_long,COM_0750,xa,70.8069,0.86,99.01,0.5647,1.6102,residential,2210.78,25.25,43308,611.64,26,41126,9220,613.9,1,observed,7080
Hà Tĩnh,duyen_hai_mien_trung,COM_0751,thi_tran,30.0895,108.77,17.72,0.8845,2.9764,forest,2445.56,13.71,4021,133.64,42,4159,1016,138.43,1,observed,3008
Đồng Nai,dong_nam_bo,COM_0752,xa,26.7961,60.75,86.42,0.378,0.4561,agricultural,2364.69,25.18,7080,264.22,34,6955,1827,249.41,1,observed,2679
Đắk Lắk,tay_nguyen,COM_0753,thi_tran,31.6222,1457.62,23.8,0.5994,3.2487,mixed,1551.18,3.42,6764,213.92,32,6243,1757,200.04,1,observed,3162
Phú Thọ,mien_nui_phia_bac,COM_0754,thi_tran,10.3032,443.36,9.19,0.5076,1.0023,mixed,1475.23,8.53,7222,700.96,31,6730,1919,643.78,0,MNAR_high_density,1030
An Giang,dong_bang_song_cuu_long,COM_0755,xa,41.3541,7.47,43.92,0.7366,3.8195,forest,1762.19,25.99,11778,284.81,39,10540,2012,251.14,1,observed,4135
Thanh Hóa,duyen_hai_mien_trung,COM_0756,xa,79.4144,287.37,16.96,0.3906,0.9322,agricultural,1878.39,24.54,43066,542.3,6,40936,8074,529.86,0,MNAR_high_density,7941
Lạng Sơn,mien_nui_phia_bac,COM_0757,xa,35.135,925.71,31.96,0.1564,2.7489,residential,1605.45,13.27,3728,106.12,7,3196,651,99.88,0,MNAR_high_density,3513
TP. Hồ Chí Minh,dong_nam_bo,COM_0758,phuong,3.3761,7.65,2.46,0.45,5.0536,residential,1878.71,4.8,41608,12324.5,43,44345,9086,13125.54,1,observed,337
Sơn La,mien_nui_phia_bac,COM_0759,xa,60.9846,1871.25,33.42,0.3572,1.2828,mixed,2131.23,15.36,2180,35.76,7,2431,680,40.93,1,observed,6098
Thanh Hóa,duyen_hai_mien_trung,COM_0760,phuong,2.2377,622.11,2.04,0.45,7.4487,residential,2069.31,1.28,1023,457.56,17,1023,188,447.48,1,observed,223
Hải Phòng,dong_bang_song_hong,COM_0761,phuong,2.7142,17.45,0.71,0.45,3.2432,mixed,1666.81,2.27,3105,1144.01,10,2805,528,1043.68,1,observed,271
Đà Nẵng,duyen_hai_mien_trung,COM_0762,xa,34.3452,159.8,26.19,0.5366,2.4875,agricultural,2951.86,49.77,69080,2011.36,28,70733,16829,2176.6,1,observed,3434
Cao Bằng,mien_nui_phia_bac,COM_0763,xa,37.7197,810.51,96.11,0.8555,2.8739,forest,1441.36,30.07,2792,74.03,7,2637,701,72.63,0,MNAR_high_density,3771
Đồng Nai,dong_nam_bo,COM_0764,xa,21.8517,44.52,78.73,0.2988,3.28,agricultural,2131.04,38.76,8101,370.77,9,8518,1918,413.93,1,observed,2185
Hà Tĩnh,duyen_hai_mien_trung,COM_0765,thi_tran,13.8984,310.95,10.67,0.8725,2.6217,forest,1883.56,0.85,1798,129.41,14,1756,435,129.29,1,observed,1389
Huế,duyen_hai_mien_trung,COM_0766,xa,79.8522,233.76,16.69,0.3124,1.4452,mixed,2930.62,12.28,115865,1451.0,45,128410,36362,1736.26,1,observed,7985
Phú Thọ,mien_nui_phia_bac,COM_0767,xa,65.1866,145.33,88.35,0.3206,0.5571,mixed,1520.98,7.7,17033,261.3,18,17549,3497,285.0,0,MNAR_high_density,6518
An Giang,dong_bang_song_cuu_long,COM_0768,xa,50.4465,4.82,37.81,0.7983,1.2542,forest,1841.71,15.7,16067,318.51,34,14884,4013,274.99,1,observed,5044
TP. Hồ Chí Minh,dong_nam_bo,COM_0769,phuong,9.4301,37.44,2.56,0.3109,4.1357,residential,1692.94,3.36,92291,9786.91,7,96832,25744,9652.65,1,observed,943
Cao Bằng,mien_nui_phia_bac,COM_0770,thi_tran,24.939,489.8,14.1,0.2147,4.7923,agricultural,1713.13,4.34,1340,53.75,23,1195,266,49.37,0,MNAR_high_density,2493
Khánh Hòa,tay_nguyen,COM_0771,xa,58.8242,604.79,95.21,0.3799,0.6943,agricultural,1318.53,20.32,14199,241.39,34,14295,2606,227.86,1,observed,5882
Huế,duyen_hai_mien_trung,COM_0772,xa,48.563,285.53,13.49,0.7791,0.5539,forest,2762.45,49.69,21111,434.73,8,18525,5281,349.36,1,observed,4856
Tuyên Quang,mien_nui_phia_bac,COM_0773,xa,39.872,445.35,74.09,0.4748,0.1735,mixed,1603.43,18.32,2636,66.13,38,2245,418,57.95,1,observed,3987
Quảng Trị,duyen_hai_mien_trung,COM_0774,xa,60.1325,540.46,57.29,0.6411,0.3549,mixed,2315.21,18.36,3942,65.57,48,3685,953,67.1,1,observed,6013
Điện Biên,mien_nui_phia_bac,COM_0775,xa,78.7864,939.64,50.86,0.1804,2.1126,agricultural,1825.96,30.99,5917,75.11,17,5249,1369,68.3,0,MNAR_high_density,7878
Tây Ninh,dong_nam_bo,COM_0776,xa,64.8826,36.42,18.36,0.4435,3.3246,agricultural,1806.69,33.34,32453,500.19,41,36156,7313,505.54,1,observed,6488
Quảng Ngãi,duyen_hai_mien_trung,COM_0777,xa,24.2244,64.88,49.3,0.8952,1.1422,forest,2735.03,26.41,2608,107.68,37,2960,710,120.71,1,observed,2422
Phú Thọ,mien_nui_phia_bac,COM_0778,phuong,6.737,427.79,3.75,0.1531,4.5427,residential,1403.25,2.72,2405,357.04,19,2234,537,314.82,1,observed,673
Lạng Sơn,mien_nui_phia_bac,COM_0779,xa,65.6177,718.93,67.07,0.3875,1.7844,residential,1653.91,8.69,5257,80.12,28,4899,1104,76.09,1,observed,6561
Gia Lai,tay_nguyen,COM_0780,thi_tran,26.504,696.57,21.47,0.1226,2.6106,agricultural,1864.41,0.8,3151,118.89,23,3230,716,124.29,1,observed,2650
Hà Tĩnh,duyen_hai_mien_trung,COM_0781,xa,58.6863,279.58,84.77,0.488,3.7227,mixed,1985.29,34.62,4526,77.13,43,4246,1061,71.33,1,observed,5868
Hà Tĩnh,duyen_hai_mien_trung,COM_0782,thi_tran,31.7389,465.27,19.79,0.2954,4.1238,agricultural,2705.82,14.28,3770,118.79,15,3680,780,121.15,1,observed,3173
Lạng Sơn,mien_nui_phia_bac,COM_0783,xa,63.7809,608.6,61.5,0.449,2.3371,agricultural,1608.58,25.88,11411,178.91,38,11549,2508,188.84,0,MNAR_high_density,6378
Phú Thọ,mien_nui_phia_bac,COM_0784,xa,50.4144,222.81,86.16,0.56,2.0048,mixed,1902.79,40.83,11101,220.21,28,11712,2332,222.8,1,observed,5041
Phú Thọ,mien_nui_phia_bac,COM_0785,xa,57.4858,293.96,76.97,0.8751,3.8415,forest,1892.44,30.49,12516,217.73,39,10651,1960,198.76,1,observed,5748
Quảng Ninh,dong_bang_song_hong,COM_0786,xa,28.2534,169.22,10.85,0.4447,1.5915,agricultural,1995.88,34.61,18787,664.96,9,16144,3264,576.54,1,observed,2825
Cần Thơ,dong_bang_song_cuu_long,COM_0787,xa,51.3058,9.23,24.01,0.3504,3.5481,agricultural,1990.73,2.83,44126,860.07,27,41180,9716,825.5,1,observed,5130
Lâm Đồng,tay_nguyen,COM_0788,xa,69.1131,1069.98,94.65,0.8774,1.3642,forest,2399.61,14.1,8201,118.67,40,7115,1294,109.91,0,MNAR_high_density,6911
Thanh Hóa,duyen_hai_mien_trung,COM_0789,xa,26.1226,271.31,11.18,0.3116,3.9614,residential,2358.97,4.8,9991,382.47,41,9030,1806,361.28,1,observed,2612
Lào Cai,mien_nui_phia_bac,COM_0790,thi_tran,39.7738,1079.66,10.66,0.2995,1.7039,residential,2087.77,8.18,3743,94.12,18,3848,1013,102.86,0,MNAR_high_density,3977
Thanh Hóa,duyen_hai_mien_trung,COM_0791,xa,53.8296,340.52,30.89,0.3229,3.9689,mixed,1575.9,33.17,20457,380.04,48,22845,6286,411.63,1,observed,5382
Quảng Trị,duyen_hai_mien_trung,COM_0792,xa,61.3517,321.78,17.54,0.5106,3.7797,agricultural,2404.63,28.0,18195,296.58,48,18784,4628,303.17,0,MCAR,6135
Cà Mau,dong_bang_song_cuu_long,COM_0793,xa,67.1845,5.72,85.85,0.1677,3.4429,agricultural,2333.76,48.91,15682,233.43,12,15127,3824,210.88,1,observed,6718
Vĩnh Long,dong_bang_song_cuu_long,COM_0794,xa,49.8182,0.78,95.78,0.3515,0.0585,mixed,2146.23,36.92,16613,333.49,5,17617,4440,333.05,0,MNAR_high_density,4981
Tây Ninh,dong_nam_bo,COM_0795,thi_tran,25.5798,5.24,18.49,0.8466,2.1569,forest,2156.04,4.94,3966,155.05,18,4029,957,165.32,1,observed,2557
Hà Tĩnh,duyen_hai_mien_trung,COM_0796,xa,49.1698,264.43,91.23,0.5625,2.0117,forest,2037.15,4.12,7936,161.42,11,7455,1360,155.69,1,observed,4916
TP. Hồ Chí Minh,dong_nam_bo,COM_0797,thi_tran,27.302,36.02,5.57,0.6092,4.3891,residential,2148.14,14.55,265360,9719.47,14,272023,54065,10705.33,1,observed,2730
Lâm Đồng,tay_nguyen,COM_0798,xa,53.6577,1025.03,19.19,0.6027,0.6655,mixed,2062.37,32.24,7368,137.32,32,7128,1853,135.66,1,observed,5365
Quảng Trị,duyen_hai_mien_trung,COM_0799,xa,45.0697,231.95,96.59,0.1938,3.4939,agricultural,2956.51,16.45,3928,87.17,31,4226,877,97.26,0,MAR,4506
TP. Hồ Chí Minh,dong_nam_bo,COM_0800,phuong,5.9185,9.67,8.11,0.45,7.0221,agricultural,2107.11,1.17,30978,5234.11,38,28958,5437,5003.77,1,observed,591
Nghệ An,duyen_hai_mien_trung,COM_0801,xa,71.4462,235.83,72.21,0.1709,3.9449,mixed,1753.77,26.67,9498,132.94,46,9569,2521,145.16,0,MNAR_high_density,7144
Cần Thơ,dong_bang_song_cuu_long,COM_0802,phuong,6.2395,1.25,1.7,0.1171,8.0471,residential,2299.2,4.53,3529,565.67,50,3972,888,621.17,1,observed,623
Nghệ An,duyen_hai_mien_trung,COM_0803,xa,59.3307,796.69,70.83,0.8368,0.9407,forest,1561.68,35.91,9793,165.06,47,9932,1956,161.34,1,observed,5933
Khánh Hòa,tay_nguyen,COM_0804,phuong,7.9554,637.69,3.03,0.2354,5.0543,residential,1348.38,4.77,3043,382.52,11,3143,681,429.21,1,observed,795
Hà Nội,dong_bang_song_hong,COM_0805,phuong,2.6385,7.68,1.1,0.2561,6.5486,agricultural,1522.33,3.17,9519,3607.84,49,10558,1956,3879.79,0,MCAR,263
Cao Bằng,mien_nui_phia_bac,COM_0806,xa,77.0627,1257.85,89.27,0.4082,1.4948,residential,1711.26,24.48,6308,81.86,40,6170,1364,80.21,0,MNAR_high_density,7706
Quảng Ngãi,duyen_hai_mien_trung,COM_0807,thi_tran,17.2092,59.15,15.12,0.3002,4.4872,residential,2280.04,9.3,3929,228.36,18,3562,662,213.89,1,observed,1720
Ninh Bình,dong_bang_song_hong,COM_0808,xa,33.7969,13.63,66.07,0.8776,1.0267,forest,1674.77,7.84,9645,285.41,36,11065,3139,331.1,1,observed,3379
Thanh Hóa,duyen_hai_mien_trung,COM_0809,xa,78.6057,25.52,41.72,0.8056,0.7631,forest,1641.34,18.91,16125,205.14,18,18413,3848,251.75,1,observed,7860
Hà Nội,dong_bang_song_hong,COM_0810,thi_tran,18.3407,35.15,19.75,0.8854,3.2916,forest,1486.5,15.35,26294,1433.67,13,28518,5449,1434.9,1,observed,1834
Nghệ An,duyen_hai_mien_trung,COM_0811,xa,79.0894,113.05,72.03,0.7801,0.6456,forest,1971.56,24.02,9242,116.86,16,9954,1862,128.91,1,observed,7908
Ninh Bình,dong_bang_song_hong,COM_0812,phuong,14.7566,49.41,6.3,0.45,2.7075,agricultural,1642.81,3.15,13568,919.51,19,15591,3661,1087.98,1,observed,1475
Quảng Trị,duyen_hai_mien_trung,COM_0813,phuong,8.2518,57.91,2.86,0.3347,7.7407,mixed,2747.08,0.4,2846,344.99,30,2924,667,372.57,1,observed,825
Tây Ninh,dong_nam_bo,COM_0814,thi_tran,30.3602,93.08,26.7,0.2472,4.0742,mixed,2483.54,16.27,6835,225.15,21,6148,1144,188.56,1,observed,3036
TP. Hồ Chí Minh,dong_nam_bo,COM_0815,xa,30.7607,30.08,92.11,0.248,2.6534,residential,1824.92,37.34,65263,2121.66,5,59888,12108,1990.6,1,observed,3076
TP. Hồ Chí Minh,dong_nam_bo,COM_0816,xa,66.7169,39.58,97.84,0.5804,3.5261,residential,1843.25,25.62,143264,2147.35,31,134410,37263,1983.67,1,observed,6671
Cần Thơ,dong_bang_song_cuu_long,COM_0817,xa,51.9358,9.51,35.63,0.6082,0.0502,forest,2101.53,11.21,24734,476.26,42,24269,5078,473.96,1,observed,5193
Gia Lai,tay_nguyen,COM_0818,xa,48.1361,575.85,21.96,0.5828,3.0165,agricultural,1863.43,3.92,5983,124.31,33,6234,1189,136.84,1,observed,4813
Hải Phòng,dong_bang_song_hong,COM_0819,xa,35.1821,23.27,78.33,0.4027,3.3487,agricultural,1402.58,28.99,30731,873.5,42,30905,6036,806.23,1,observed,3518
Nghệ An,duyen_hai_mien_trung,COM_0820,xa,45.5379,48.09,93.46,0.4167,1.4759,forest,1611.18,41.9,3764,82.67,26,4323,808,101.97,1,observed,4553
Cao Bằng,mien_nui_phia_bac,COM_0821,xa,52.3566,1040.43,11.96,0.2425,0.1604,forest,1901.55,10.14,2765,52.83,11,2919,549,53.47,1,observed,5235
Gia Lai,tay_nguyen,COM_0822,xa,79.6554,745.3,94.76,0.375,2.8746,mixed,1736.63,11.08,5880,73.82,36,5603,1299,68.09,1,observed,7965
Nghệ An,duyen_hai_mien_trung,COM_0823,xa,58.3666,210.07,57.54,0.7678,1.5898,forest,1702.78,2.77,7162,122.72,39,6314,1711,111.62,1,observed,5836
Đà Nẵng,duyen_hai_mien_trung,COM_0824,xa,75.3866,317.48,6.5,0.8308,3.437,forest,2635.27,27.2,51151,678.52,20,46179,12769,566.77,1,observed,7538
Thanh Hóa,duyen_hai_mien_trung,COM_0825,xa,76.9044,218.69,7.79,0.3635,2.8485,residential,1859.71,15.6,22713,295.35,8,25511,6883,308.48,1,observed,7690
Nghệ An,duyen_hai_mien_trung,COM_0826,xa,35.13,643.09,53.55,0.8651,3.6235,forest,1717.34,47.4,3802,108.23,19,3415,934,89.59,1,observed,3513
Tây Ninh,dong_nam_bo,COM_0827,xa,56.2316,120.14,13.58,0.8671,3.573,forest,2474.11,40.61,10459,186.01,15,9372,1790,158.02,1,observed,5623
Quảng Ninh,dong_bang_song_hong,COM_0828,xa,68.5962,204.41,31.42,0.8673,2.8437,forest,2491.56,48.59,16501,240.56,44,16715,3322,244.69,1,observed,6859
Lai Châu,mien_nui_phia_bac,COM_0829,xa,71.3809,1191.64,64.88,0.6014,1.2604,forest,3008.69,31.64,2640,36.99,23,2346,539,32.14,0,MNAR_high_density,7138
Khánh Hòa,tay_nguyen,COM_0830,xa,76.5755,79.61,76.41,0.272,0.0766,agricultural,1883.93,7.92,10187,133.04,25,9361,1839,125.26,1,observed,7657
Lai Châu,mien_nui_phia_bac,COM_0831,xa,31.4025,1655.85,20.02,0.4258,0.9994,agricultural,2455.51,44.36,1933,61.56,22,1889,372,56.16,0,MNAR_high_density,3140
Đắk Lắk,tay_nguyen,COM_0832,xa,34.899,1211.22,78.79,0.4178,0.9911,mixed,2070.37,21.33,2917,83.59,7,2659,515,70.91,0,MNAR_high_density,3489
TP. Hồ Chí Minh,dong_nam_bo,COM_0833,xa,21.8904,41.98,18.89,0.3421,2.0913,mixed,2198.52,39.35,221427,10115.3,14,206095,37682,10317.96,1,observed,2189
Quảng Ninh,dong_bang_song_hong,COM_0834,thi_tran,26.2763,225.59,13.86,0.3395,0.7132,agricultural,2101.02,17.73,10279,391.22,21,8924,2344,328.16,1,observed,2627
Hà Nội,dong_bang_song_hong,COM_0835,thi_tran,23.1015,10.73,13.44,0.7827,1.5527,forest,1234.98,5.99,32371,1401.26,28,33966,7875,1562.63,1,observed,2310
Đắk Lắk,tay_nguyen,COM_0836,xa,31.008,1055.63,30.64,0.248,0.1511,residential,2027.22,14.83,6921,223.22,35,6921,1320,238.14,0,MNAR_high_density,3100
Quảng Trị,duyen_hai_mien_trung,COM_0837,xa,54.2603,310.05,43.33,0.2091,2.7605,agricultural,2934.61,48.29,15368,283.23,29,16872,3759,338.11,1,observed,5426
Vĩnh Long,dong_bang_song_cuu_long,COM_0838,xa,65.8614,5.7,21.89,0.5545,0.9405,agricultural,2332.92,36.24,38692,587.48,16,41628,8979,647.57,1,observed,6586
Hà Tĩnh,duyen_hai_mien_trung,COM_0839,xa,59.6299,462.73,39.76,0.1418,0.7256,agricultural,2575.1,38.05,34408,577.03,6,37326,9756,614.37,1,observed,5962
Gia Lai,tay_nguyen,COM_0840,xa,24.0696,1166.76,44.58,0.8133,0.4182,forest,2338.88,7.91,1647,68.45,23,1723,434,72.63,1,observed,2406
Nghệ An,duyen_hai_mien_trung,COM_0841,xa,50.7658,763.03,29.94,0.6617,3.2756,forest,2012.04,38.77,8049,158.56,11,8226,2090,178.2,0,MAR,5076
Gia Lai,tay_nguyen,COM_0842,xa,70.5599,1106.54,46.03,0.2808,0.7258,residential,2133.61,30.68,10068,142.69,49,11084,2270,163.58,0,MAR,7055
Đà Nẵng,duyen_hai_mien_trung,COM_0843,xa,79.0053,47.32,57.05,0.574,1.2653,residential,2052.1,23.23,39790,503.64,9,44063,10357,609.52,0,MAR,7900
Hải Phòng,dong_bang_song_hong,COM_0844,phuong,4.1052,19.18,7.94,0.2687,9.3392,agricultural,1909.03,1.22,4564,1111.86,9,4919,1309,1265.54,1,observed,410
Lâm Đồng,tay_nguyen,COM_0845,thi_tran,26.6864,1668.62,2.62,0.1288,1.8871,residential,2762.63,2.27,2245,84.15,41,2559,568,102.38,0,MCAR,2668
Gia Lai,tay_nguyen,COM_0846,thi_tran,27.9058,1157.88,20.3,0.5549,4.8473,agricultural,2288.11,13.1,2101,75.32,10,2197,569,77.74,1,observed,2790
Nghệ An,duyen_hai_mien_trung,COM_0847,thi_tran,37.2856,496.18,14.74,0.5121,4.0737,agricultural,1967.92,14.36,12894,345.83,45,12782,2457,374.7,1,observed,3728
Điện Biên,mien_nui_phia_bac,COM_0848,xa,27.1516,1411.13,73.11,0.4818,0.4394,agricultural,1928.27,45.55,1177,43.37,25,1034,223,38.37,0,MNAR_high_density,2715
Thanh Hóa,duyen_hai_mien_trung,COM_0849,xa,45.136,177.89,75.79,0.3082,0.6914,residential,2229.26,32.5,9535,211.26,39,10067,2610,233.14,1,observed,4513
Hà Nội,dong_bang_song_hong,COM_0850,xa,64.3148,15.86,89.55,0.5751,0.5478,residential,1615.86,9.47,159548,2480.74,8,183149,39224,2635.21,1,observed,6431
Hà Nội,dong_bang_song_hong,COM_0851,xa,70.3442,49.52,18.45,0.4586,1.6007,residential,1653.2,22.26,362755,5156.87,16,313200,78977,4267.23,1,observed,7034
Khánh Hòa,tay_nguyen,COM_0852,thi_tran,30.3209,748.65,27.41,0.2646,3.8419,residential,1891.49,5.56,18505,610.33,23,19387,4443,607.18,1,observed,3032
TP. Hồ Chí Minh,dong_nam_bo,COM_0853,phuong,5.6425,44.9,7.51,0.45,9.0547,residential,1905.9,1.96,94322,16716.46,15,101990,27805,18434.74,1,observed,564
Bắc Ninh,dong_bang_song_hong,COM_0854,xa,74.4318,26.34,82.19,0.5127,1.0443,agricultural,1350.41,33.28,29471,395.95,26,27102,5717,385.0,0,MAR,7443
Hưng Yên,dong_bang_song_hong,COM_0855,thi_tran,26.6857,4.33,26.09,0.6187,2.391,agricultural,1369.51,14.22,19943,747.35,37,18146,4442,744.19,1,observed,2668
Hà Nội,dong_bang_song_hong,COM_0856,phuong,4.3859,49.0,4.86,0.45,7.0913,residential,1287.08,4.74,15864,3617.12,33,16574,3079,3513.22,1,observed,438
Đồng Nai,dong_nam_bo,COM_0857,xa,64.6275,4.89,45.63,0.6214,1.8695,agricultural,2125.04,42.64,37345,577.85,33,32123,7043,453.85,1,observed,6462
Quảng Ninh,dong_bang_song_hong,COM_0858,xa,43.7548,91.47,54.28,0.5359,2.6588,agricultural,1952.49,43.48,9489,216.89,19,9593,1860,203.41,1,observed,4375
Thanh Hóa,duyen_hai_mien_trung,COM_0859,xa,53.9812,86.66,34.7,0.2375,1.5741,mixed,2082.73,22.04,23224,430.23,34,22859,4662,386.27,1,observed,5398
Đắk Lắk,tay_nguyen,COM_0860,phuong,7.2861,672.07,7.19,0.1128,5.7192,mixed,1532.69,4.5,1148,157.62,29,1044,230,147.1,1,observed,728
Phú Thọ,mien_nui_phia_bac,COM_0861,xa,44.0912,383.96,99.22,0.5547,0.5044,residential,1874.19,21.76,12098,274.4,9,13435,2703,333.6,1,observed,4409
Thái Nguyên,mien_nui_phia_bac,COM_0862,thi_tran,23.9683,371.18,28.35,0.3592,4.1671,residential,1800.75,18.45,4653,194.16,31,4617,1103,181.69,1,observed,2396
Điện Biên,mien_nui_phia_bac,COM_0863,xa,31.585,664.74,60.7,0.4594,2.3044,forest,2438.54,21.45,1499,47.46,26,1500,326,49.73,1,observed,3158
Huế,duyen_hai_mien_trung,COM_0864,xa,31.3668,61.36,46.04,0.4648,2.9466,agricultural,3093.16,41.79,55801,1778.99,29,48569,11651,1461.41,1,observed,3136
Lai Châu,mien_nui_phia_bac,COM_0865,xa,36.7664,1251.55,16.7,0.6774,0.8394,forest,2280.92,31.53,2422,65.89,30,2417,630,66.15,1,observed,3676
Nghệ An,duyen_hai_mien_trung,COM_0866,phuong,6.4218,351.35,3.73,0.45,8.3246,residential,1995.59,0.82,1891,294.59,5,2148,404,356.32,1,observed,642
Thanh Hóa,duyen_hai_mien_trung,COM_0867,xa,33.8404,89.11,95.15,0.1898,1.0654,residential,1507.46,16.39,9049,267.43,44,9187,1842,280.26,1,observed,3384
Hưng Yên,dong_bang_song_hong,COM_0868,xa,23.9839,17.25,84.38,0.1711,0.1438,residential,1626.82,12.5,16103,671.43,45,16106,2940,624.54,1,observed,2398
Hà Nội,dong_bang_song_hong,COM_0869,phuong,5.577,6.93,3.19,0.45,9.2826,residential,1525.25,3.54,29177,5231.68,19,27605,5063,4850.48,1,observed,557
Thanh Hóa,duyen_hai_mien_trung,COM_0870,xa,33.6253,359.3,98.55,0.4909,0.0849,agricultural,2478.45,49.46,5075,150.95,12,5192,1383,164.25,1,observed,3362
Quảng Trị,duyen_hai_mien_trung,COM_0871,phuong,10.673,367.57,8.74,0.2382,8.3983,residential,2428.64,1.87,1942,182.0,7,1898,395,177.77,0,MAR,1067
Hưng Yên,dong_bang_song_hong,COM_0872,xa,29.1081,7.04,58.75,0.4307,3.3045,agricultural,1684.89,39.45,17008,584.32,47,15324,2983,535.31,1,observed,2910
An Giang,dong_bang_song_cuu_long,COM_0873,xa,53.3388,2.37,54.0,0.374,2.7178,agricultural,1899.58,13.38,17165,321.82,39,18500,4469,314.8,1,observed,5333
Thanh Hóa,duyen_hai_mien_trung,COM_0874,xa,33.1674,694.02,76.0,0.4282,3.0015,residential,1844.49,22.57,8186,246.83,42,7819,1656,225.43,0,MNAR_high_density,3316
TP. Hồ Chí Minh,dong_nam_bo,COM_0875,phuong,2.6317,32.07,5.58,0.4259,4.6719,residential,1944.44,2.17,23634,8980.71,49,24748,6574,8828.41,1,observed,263
Cần Thơ,dong_bang_song_cuu_long,COM_0876,phuong,5.6237,1.66,3.54,0.45,2.9659,mixed,2150.86,2.74,5122,910.93,26,5604,1546,992.93,1,observed,562
Hà Nội,dong_bang_song_hong,COM_0877,xa,65.88,38.13,50.66,0.4652,0.9989,agricultural,1373.59,13.63,121862,1849.76,35,135043,35209,1847.93,1,observed,6588
Lâm Đồng,tay_nguyen,COM_0878,xa,40.5565,1871.41,24.66,0.1465,1.1892,forest,1822.93,47.44,2335,57.59,49,2568,471,64.95,0,MAR,4055
Hà Nội,dong_bang_song_hong,COM_0879,xa,21.0702,5.46,83.8,0.7375,0.9689,forest,1518.46,30.69,23177,1099.99,10,22661,4717,1154.55,1,observed,2107
Ninh Bình,dong_bang_song_hong,COM_0880,xa,43.6656,45.24,15.06,0.2806,3.3707,agricultural,1775.86,13.05,33072,757.4,32,33814,7625,792.08,1,observed,4366
Hà Nội,dong_bang_song_hong,COM_0881,xa,28.062,18.27,11.38,0.2616,0.1198,agricultural,1580.72,17.82,80132,2855.54,28,74952,14157,2529.43,1,observed,2806
Thanh Hóa,duyen_hai_mien_trung,COM_0882,phuong,2.327,705.77,6.63,0.45,8.2721,residential,2298.61,4.69,723,310.97,5,704,134,273.62,1,observed,232
Phú Thọ,mien_nui_phia_bac,COM_0883,xa,21.2326,595.11,29.8,0.6318,3.4042,residential,1908.73,1.6,7241,341.05,26,7428,1393,337.73,1,observed,2123
Bắc Ninh,dong_bang_song_hong,COM_0884,xa,23.4616,2.42,74.07,0.7913,0.616,forest,1444.16,10.56,8241,351.26,21,8606,2012,370.85,0,MCAR,2346
Đắk Lắk,tay_nguyen,COM_0885,xa,23.469,592.4,79.27,0.4053,0.1887,residential,1788.12,36.18,2667,113.67,43,2539,497,100.11,1,observed,2346
Quảng Ninh,dong_bang_song_hong,COM_0886,xa,72.6989,96.61,59.29,0.3225,0.2607,forest,1919.7,21.86,18868,259.55,32,21428,4529,287.76,0,MNAR_high_density,7269
Khánh Hòa,tay_nguyen,COM_0887,xa,36.8327,296.84,31.2,0.6275,2.5754,agricultural,1972.67,24.14,25330,687.73,49,21850,4537,610.14,0,MNAR_high_density,3683
Hà Nội,dong_bang_song_hong,COM_0888,phuong,6.9037,19.71,1.75,0.2303,7.4765,residential,1772.94,1.29,25147,3642.64,20,22899,5914,3331.52,1,observed,690
Đồng Nai,dong_nam_bo,COM_0889,xa,68.7306,9.85,48.08,0.1165,3.5582,residential,2237.41,28.96,58950,857.71,40,51704,12212,759.28,1,observed,6873
Lào Cai,mien_nui_phia_bac,COM_0890,xa,23.1897,619.49,91.53,0.6957,3.7307,forest,2363.99,21.25,824,35.56,39,884,173,40.99,0,MNAR_high_density,2318
Gia Lai,tay_nguyen,COM_0891,xa,50.0703,1496.19,58.83,0.4292,1.3954,agricultural,1743.6,27.23,3432,68.55,39,3648,670,67.7,0,MNAR_high_density,5007
Quảng Ngãi,duyen_hai_mien_trung,COM_0892,phuong,8.3629,74.32,5.39,0.45,6.9626,residential,3135.03,0.6,3538,423.1,30,3169,831,410.9,0,MCAR,836
Gia Lai,tay_nguyen,COM_0893,xa,48.9878,411.95,27.4,0.1233,2.6197,mixed,2398.23,22.98,3865,78.91,10,4114,912,77.21,0,MNAR_high_density,4898
Thái Nguyên,mien_nui_phia_bac,COM_0894,phuong,8.8223,530.49,2.38,0.45,3.5208,agricultural,1857.79,1.28,1332,151.09,19,1230,223,131.88,1,observed,882
Quảng Ngãi,duyen_hai_mien_trung,COM_0895,xa,40.6825,409.21,23.5,0.6004,3.0916,residential,2382.06,43.52,12202,299.94,25,12487,3431,325.6,1,observed,4068
Cao Bằng,mien_nui_phia_bac,COM_0896,xa,32.6962,350.48,43.45,0.7854,1.192,forest,1820.01,1.36,2241,68.56,42,2507,657,82.96,0,MNAR_high_density,3269
Gia Lai,tay_nguyen,COM_0897,xa,44.1015,1275.86,17.63,0.7465,0.5354,forest,1700.4,4.88,3679,83.43,17,3400,866,80.69,0,MNAR_high_density,4410
Thanh Hóa,duyen_hai_mien_trung,COM_0898,xa,24.4426,766.74,33.98,0.3872,2.5133,mixed,2162.69,47.78,7564,309.5,29,7584,1795,340.36,0,MNAR_high_density,2444
Sơn La,mien_nui_phia_bac,COM_0899,xa,58.0904,1576.53,28.11,0.8008,0.5755,forest,1616.91,10.56,2861,49.26,43,2623,538,47.69,0,MNAR_high_density,5809
Cà Mau,dong_bang_song_cuu_long,COM_0900,xa,25.5601,9.2,73.29,0.1774,3.4825,forest,2387.88,26.55,5309,207.72,16,5882,1074,210.37,1,observed,2556
Lâm Đồng,tay_nguyen,COM_0901,thi_tran,26.7343,1253.11,12.68,0.2956,1.7368,agricultural,2048.15,9.6,6682,249.95,22,6164,1722,245.91,1,observed,2673
TP. Hồ Chí Minh,dong_nam_bo,COM_0902,xa,58.9852,24.16,16.21,0.7573,2.427,forest,1446.4,34.17,98390,1668.05,20,98900,28166,1702.47,0,MNAR_high_density,5898
Lạng Sơn,mien_nui_phia_bac,COM_0903,xa,70.9915,1181.26,68.84,0.7152,0.7636,forest,1747.64,32.54,4909,69.15,13,5247,1343,69.64,1,observed,7099
Bắc Ninh,dong_bang_song_hong,COM_0904,xa,40.5361,19.77,43.25,0.2234,2.1382,residential,1739.24,46.29,47734,1177.57,18,54673,13682,1234.36,1,observed,4053
Ninh Bình,dong_bang_song_hong,COM_0905,xa,25.5866,67.55,21.62,0.7118,1.4742,forest,2047.93,11.11,6181,241.58,20,5671,1146,236.59,0,MAR,2558
Nghệ An,duyen_hai_mien_trung,COM_0906,xa,28.2492,916.33,64.62,0.1254,2.0684,residential,1859.0,25.94,2491,88.2,16,2522,527,97.53,0,MAR,2824
Gia Lai,tay_nguyen,COM_0907,xa,60.946,404.89,24.55,0.3064,2.8238,agricultural,2197.96,26.13,5370,88.12,16,5210,1131,92.98,0,MNAR_high_density,6094
Lai Châu,mien_nui_phia_bac,COM_0908,xa,51.0564,682.5,66.61,0.5508,2.7398,agricultural,2525.48,18.16,1796,35.18,10,1703,350,30.75,0,MNAR_high_density,5105
Quảng Ngãi,duyen_hai_mien_trung,COM_0909,phuong,3.5762,561.58,6.24,0.406,6.314,mixed,2605.37,0.79,530,148.28,40,507,95,138.61,1,observed,357
Thanh Hóa,duyen_hai_mien_trung,COM_0910,xa,34.471,275.82,42.19,0.5424,0.9684,agricultural,1881.39,33.93,17764,515.35,12,20240,4147,598.0,1,observed,3447
TP. Hồ Chí Minh,dong_nam_bo,COM_0911,thi_tran,21.4219,39.67,9.3,0.84,2.8805,forest,1473.96,5.21,89736,4188.99,27,84908,16854,3743.41,1,observed,2142
Đắk Lắk,tay_nguyen,COM_0912,xa,26.6235,1136.1,27.42,0.1917,0.2055,agricultural,2194.25,8.71,3383,127.08,38,3107,590,108.27,1,observed,2662
Hải Phòng,dong_bang_song_hong,COM_0913,xa,30.1828,23.9,29.77,0.2228,1.0231,forest,1598.12,34.62,19292,639.18,45,18178,4621,625.02,1,observed,3018
Nghệ An,duyen_hai_mien_trung,COM_0914,xa,31.1423,735.82,10.51,0.5398,1.562,agricultural,1739.81,8.5,4870,156.41,11,5568,1371,171.89,0,MNAR_high_density,3114
Phú Thọ,mien_nui_phia_bac,COM_0915,xa,28.1471,517.27,29.23,0.6725,3.2346,forest,1686.2,10.42,9006,319.99,22,9033,2066,332.67,0,MNAR_high_density,2814
Hà Nội,dong_bang_song_hong,COM_0916,phuong,12.7592,31.58,7.7,0.3836,9.7656,agricultural,1667.03,1.05,70347,5513.47,34,74210,14873,6360.02,1,observed,1275
Vĩnh Long,dong_bang_song_cuu_long,COM_0917,xa,20.3487,6.47,32.52,0.3001,3.9006,residential,1819.46,47.52,9545,469.1,14,10897,2229,532.71,1,observed,2034
An Giang,dong_bang_song_cuu_long,COM_0918,xa,23.1966,7.5,80.55,0.4148,1.0178,forest,1614.34,40.96,7197,310.29,34,8001,1797,337.49,1,observed,2319
Nghệ An,duyen_hai_mien_trung,COM_0919,xa,76.9835,743.18,79.55,0.6606,0.9377,forest,1688.71,47.51,8414,109.3,25,7736,1867,103.4,0,MNAR_high_density,7698
Hà Nội,dong_bang_song_hong,COM_0920,phuong,8.7659,23.18,7.06,0.2307,7.3466,residential,1571.23,0.3,49564,5654.28,25,44931,10727,4712.33,1,observed,876
Quảng Ninh,dong_bang_song_hong,COM_0921,xa,55.2961,0.74,86.32,0.588,0.5601,forest,2301.94,38.16,13368,241.76,30,13650,3898,254.01,1,observed,5529
Hà Nội,dong_bang_song_hong,COM_0922,xa,55.2274,42.51,37.36,0.4991,2.1491,residential,1439.13,45.95,304459,5512.83,19,261057,48750,4677.98,1,observed,5522
Đắk Lắk,tay_nguyen,COM_0923,xa,57.2105,626.34,94.63,0.2399,0.6481,agricultural,1901.52,34.39,3926,68.64,15,3686,889,62.27,1,observed,5721
Thanh Hóa,duyen_hai_mien_trung,COM_0924,phuong,2.461,280.14,7.33,0.205,8.2958,mixed,1503.94,0.23,664,270.18,50,724,161,307.6,1,observed,246
Sơn La,mien_nui_phia_bac,COM_0925,xa,38.6832,676.02,87.59,0.8767,1.8614,forest,1661.62,3.33,1539,39.8,41,1645,391,46.51,0,MAR,3868
Sơn La,mien_nui_phia_bac,COM_0926,xa,72.4184,722.49,72.13,0.7107,1.2139,forest,1803.93,11.93,3116,43.03,47,3153,792,45.39,1,observed,7241
Phú Thọ,mien_nui_phia_bac,COM_0927,xa,34.7197,536.7,18.15,0.1434,2.8325,agricultural,1903.02,4.66,19339,557.01,42,17722,3780,462.02,0,MNAR_high_density,3471
Hải Phòng,dong_bang_song_hong,COM_0928,xa,48.0491,11.76,27.89,0.7014,1.2897,forest,1563.68,7.41,30172,627.96,39,27782,5527,627.93,1,observed,4804
Lào Cai,mien_nui_phia_bac,COM_0929,xa,27.9471,713.21,78.33,0.6004,2.1015,mixed,2591.51,20.41,1951,69.82,38,1988,440,74.36,1,observed,2794
Tây Ninh,dong_nam_bo,COM_0930,xa,69.3738,39.79,96.3,0.3142,1.2059,agricultural,1915.36,34.66,14032,202.28,10,12643,2997,169.35,1,observed,6937
Nghệ An,duyen_hai_mien_trung,COM_0931,xa,52.0624,402.08,15.38,0.5725,2.8172,agricultural,1724.82,29.09,7019,134.83,32,5977,1146,123.14,0,MNAR_high_density,5206
Lào Cai,mien_nui_phia_bac,COM_0932,xa,26.9962,2706.25,55.27,0.1489,1.2515,residential,1966.04,40.09,1556,57.67,8,1613,394,55.37,1,observed,2699
Đắk Lắk,tay_nguyen,COM_0933,phuong,4.5547,424.55,7.89,0.45,7.2764,residential,2135.65,1.35,507,111.33,45,500,120,109.48,1,observed,455
Cao Bằng,mien_nui_phia_bac,COM_0934,xa,74.4449,414.58,72.64,0.6823,3.6655,forest,1711.15,16.76,4593,61.71,33,4962,1229,67.85,1,observed,7444
Hà Nội,dong_bang_song_hong,COM_0935,xa,49.315,33.14,95.78,0.3292,3.703,residential,1533.12,32.06,61752,1252.2,37,70389,15001,1550.95,1,observed,4931
Tuyên Quang,mien_nui_phia_bac,COM_0936,xa,63.2948,481.32,83.76,0.2753,2.802,forest,1632.26,12.66,3984,62.95,11,3930,733,62.86,0,MAR,6329
Nghệ An,duyen_hai_mien_trung,COM_0937,xa,65.2491,845.99,38.03,0.149,2.6796,forest,1739.21,29.57,8990,137.79,47,9985,2119,153.27,0,MNAR_high_density,6524
Phú Thọ,mien_nui_phia_bac,COM_0938,xa,54.9809,160.87,71.49,0.6418,0.2888,mixed,1747.65,39.83,16278,296.07,42,17713,4146,291.48,1,observed,5498
Lạng Sơn,mien_nui_phia_bac,COM_0939,xa,70.6648,1002.65,16.99,0.1996,0.6309,mixed,1729.25,6.26,6090,86.19,6,6850,1553,88.85,1,observed,7066
Ninh Bình,dong_bang_song_hong,COM_0940,phuong,14.4262,78.46,7.52,0.45,3.7599,mixed,2015.45,1.19,15527,1076.37,39,16193,3373,1070.94,1,observed,1442
TP. Hồ Chí Minh,dong_nam_bo,COM_0941,xa,32.5163,46.13,58.81,0.4243,3.7711,agricultural,1753.83,6.32,45548,1400.8,48,48138,9419,1592.22,0,MAR,3251
Cà Mau,dong_bang_song_cuu_long,COM_0942,thi_tran,11.3677,7.99,5.49,0.1112,4.6061,agricultural,2549.43,16.86,4358,383.42,15,4161,831,400.01,0,MAR,1136
Quảng Trị,duyen_hai_mien_trung,COM_0943,xa,79.9204,439.06,61.09,0.7937,2.3778,forest,2552.75,12.63,7408,92.7,18,7790,2042,96.16,1,observed,7992
Lâm Đồng,tay_nguyen,COM_0944,xa,63.389,2153.17,82.41,0.3211,1.4895,mixed,2230.17,3.31,4129,65.14,30,4001,1107,63.34,0,MNAR_high_density,6338
Thanh Hóa,duyen_hai_mien_trung,COM_0945,xa,60.4187,222.17,5.23,0.3756,2.8339,agricultural,1719.17,23.74,22206,367.54,24,21344,3923,381.16,1,observed,6041
An Giang,dong_bang_song_cuu_long,COM_0946,xa,74.2508,7.94,33.81,0.8983,2.7632,forest,2145.05,1.27,50767,683.73,36,47336,9704,590.45,1,observed,7425
Thanh Hóa,duyen_hai_mien_trung,COM_0947,thi_tran,18.5375,791.69,3.61,0.3555,1.9464,agricultural,2184.78,5.33,7402,399.3,32,8467,2264,442.48,0,MCAR,1853
TP. Hồ Chí Minh,dong_nam_bo,COM_0948,xa,69.9397,42.23,64.95,0.5307,3.6603,forest,2105.94,49.8,90471,1293.57,43,81626,17101,1150.31,1,observed,6993
Cao Bằng,mien_nui_phia_bac,COM_0949,xa,62.5564,1254.85,42.1,0.5232,0.0599,agricultural,1684.65,13.51,2424,38.76,33,2362,590,38.04,0,MNAR_high_density,6255
Nghệ An,duyen_hai_mien_trung,COM_0950,xa,67.385,612.62,82.26,0.4234,3.445,forest,1401.38,24.9,5434,80.65,8,5809,1060,85.9,1,observed,6738
Đồng Nai,dong_nam_bo,COM_0951,xa,73.6191,76.05,87.11,0.1253,1.4216,mixed,2430.92,38.06,25325,344.01,24,23457,5292,328.87,1,observed,7361
Nghệ An,duyen_hai_mien_trung,COM_0952,xa,56.6266,295.39,73.79,0.2168,3.5844,residential,2090.79,25.39,6867,121.27,7,7587,1487,124.95,1,observed,5662
Đà Nẵng,duyen_hai_mien_trung,COM_0953,thi_tran,16.6824,188.54,16.19,0.3733,3.4205,agricultural,2025.48,0.53,17775,1065.51,40,17935,3852,1117.93,1,observed,1668
Bắc Ninh,dong_bang_song_hong,COM_0954,xa,20.7796,8.42,36.41,0.3194,3.2569,forest,1647.78,7.81,7903,380.34,21,8254,1847,392.4,0,MCAR,2077
Khánh Hòa,tay_nguyen,COM_0955,xa,40.5821,778.67,50.91,0.2424,3.8784,mixed,1548.58,18.06,6368,156.94,35,5988,1441,136.28,1,observed,4058
Quảng Ngãi,duyen_hai_mien_trung,COM_0956,xa,41.7364,115.36,81.45,0.1477,1.6492,forest,2740.62,26.39,3551,85.1,9,3204,798,72.71,1,observed,4173
Thanh Hóa,duyen_hai_mien_trung,COM_0957,xa,35.5575,226.7,37.11,0.5839,2.3551,agricultural,1706.42,41.49,7622,214.36,16,7791,1478,224.54,1,observed,3555
Đà Nẵng,duyen_hai_mien_trung,COM_0958,xa,70.6499,420.83,23.91,0.3149,2.4044,forest,2202.71,37.57,32322,457.5,48,35676,7186,508.07,1,observed,7064
Thanh Hóa,duyen_hai_mien_trung,COM_0959,xa,63.4684,453.87,43.14,0.6553,3.4335,forest,2278.74,27.72,11320,178.36,14,10088,2537,151.63,0,MAR,6346
Hà Nội,dong_bang_song_hong,COM_0960,phuong,13.9687,17.07,0.98,0.3739,8.3557,mixed,1650.5,3.99,55579,3978.86,18,47280,8617,3236.39,0,MAR,1396
Thanh Hóa,duyen_hai_mien_trung,COM_0961,xa,31.7225,755.39,38.84,0.4355,2.8091,agricultural,1940.12,32.84,19317,608.95,42,18849,4090,540.02,1,observed,3172
Nghệ An,duyen_hai_mien_trung,COM_0962,xa,76.6271,506.8,55.16,0.8851,1.4973,forest,2154.42,35.05,12631,164.84,11,10774,2958,143.28,1,observed,7662
TP. Hồ Chí Minh,dong_nam_bo,COM_0963,phuong,11.4388,10.21,7.9,0.45,3.4508,mixed,1769.43,2.76,149777,13093.77,9,136261,38349,11515.05,1,observed,1143
Gia Lai,tay_nguyen,COM_0964,xa,23.9002,1106.87,67.41,0.7708,1.3086,forest,1728.05,37.41,1639,68.58,22,1417,371,56.57,0,MNAR_high_density,2390
Cao Bằng,mien_nui_phia_bac,COM_0965,xa,25.0607,378.33,12.12,0.5719,3.2478,agricultural,1666.9,29.88,1702,67.93,16,1955,465,70.4,0,MNAR_high_density,2506
Hà Nội,dong_bang_song_hong,COM_0966,xa,65.8354,39.96,51.75,0.5797,3.7284,residential,1270.26,5.3,157189,2387.61,9,165263,39657,2710.24,1,observed,6583
Tuyên Quang,mien_nui_phia_bac,COM_0967,xa,37.8873,290.24,73.72,0.699,2.6814,forest,1642.65,45.75,2092,55.22,35,2345,437,63.08,0,MAR,3788
Thanh Hóa,duyen_hai_mien_trung,COM_0968,phuong,3.6543,399.97,7.59,0.45,2.1383,residential,2088.77,3.5,994,272.16,14,869,189,219.91,1,observed,365
Ninh Bình,dong_bang_song_hong,COM_0969,xa,44.6205,13.44,75.38,0.7278,0.5898,forest,1775.42,44.75,12072,270.56,6,11246,2544,235.98,1,observed,4462
Lạng Sơn,mien_nui_phia_bac,COM_0970,xa,46.662,542.32,40.49,0.2071,1.2229,residential,1456.74,9.2,3888,83.33,17,4355,939,87.62,0,MAR,4666
Cần Thơ,dong_bang_song_cuu_long,COM_0971,xa,78.9036,0.72,31.25,0.4334,2.3517,agricultural,2140.79,44.92,58103,736.39,14,57937,14135,705.5,1,observed,7890
Bắc Ninh,dong_bang_song_hong,COM_0972,xa,36.2552,14.67,8.54,0.7432,0.4507,forest,1454.37,28.7,11588,319.63,30,10099,2267,269.57,1,observed,3625
Phú Thọ,mien_nui_phia_bac,COM_0973,xa,46.0881,491.84,99.95,0.3793,1.0154,agricultural,1456.01,20.31,11394,247.23,16,10231,2060,204.48,1,observed,4608
Lâm Đồng,tay_nguyen,COM_0974,xa,74.6052,1147.33,85.38,0.1762,1.0198,agricultural,2458.67,21.2,7517,100.77,28,7352,1419,103.24,1,observed,7460
Điện Biên,mien_nui_phia_bac,COM_0975,xa,67.7994,1138.9,26.64,0.8948,0.1822,forest,2460.3,40.64,4166,61.45,48,4331,863,67.02,0,MNAR_high_density,6779
Thanh Hóa,duyen_hai_mien_trung,COM_0976,phuong,12.7603,754.52,8.64,0.3671,2.7482,residential,2342.84,3.31,9502,744.68,36,10328,2602,884.51,1,observed,1276
Lào Cai,mien_nui_phia_bac,COM_0977,thi_tran,29.3804,2414.55,20.84,0.3657,4.2182,residential,1953.96,4.31,1826,62.18,42,1636,427,55.44,1,observed,2938
Đắk Lắk,tay_nguyen,COM_0978,xa,20.0119,987.0,29.65,0.4302,1.7102,agricultural,2124.37,27.29,5167,258.2,22,5157,1204,274.63,0,MNAR_high_density,2001
Thái Nguyên,mien_nui_phia_bac,COM_0979,xa,59.0479,509.55,19.71,0.8085,1.5054,forest,1429.84,17.07,6370,107.89,26,7087,1375,128.66,1,observed,5904
Huế,duyen_hai_mien_trung,COM_0980,xa,31.7426,278.67,54.07,0.6889,0.2761,forest,2925.36,48.38,8984,283.03,16,8031,1814,235.67,1,observed,3174
Hưng Yên,dong_bang_song_hong,COM_0981,xa,29.3775,2.08,99.98,0.4643,3.4965,agricultural,1661.18,5.3,13271,451.77,20,12694,2881,424.85,1,observed,2937
Huế,duyen_hai_mien_trung,COM_0982,phuong,2.8513,359.26,3.36,0.45,4.2998,mixed,2692.47,2.35,3896,1366.55,42,3475,707,1137.89,1,observed,285
Đồng Nai,dong_nam_bo,COM_0983,phuong,8.3279,162.5,4.58,0.45,7.6442,residential,2026.3,3.66,8209,985.78,47,9137,2246,1039.0,0,MCAR,832
Hải Phòng,dong_bang_song_hong,COM_0984,xa,72.6007,15.82,75.75,0.7564,3.0099,forest,1572.71,6.77,29796,410.41,33,30534,7117,444.71,1,observed,7260
Phú Thọ,mien_nui_phia_bac,COM_0985,xa,41.5408,287.92,24.54,0.5427,2.8231,mixed,1430.96,48.69,23644,569.18,21,26309,6443,628.62,1,observed,4154
Hải Phòng,dong_bang_song_hong,COM_0986,xa,50.4916,13.1,99.51,0.489,1.9379,agricultural,1440.1,30.05,24636,487.94,38,28193,6352,602.68,1,observed,5049
Thanh Hóa,duyen_hai_mien_trung,COM_0987,thi_tran,18.2999,405.75,10.02,0.272,3.6643,residential,2339.76,11.83,7425,405.79,19,6850,1321,392.38,1,observed,1829
Tuyên Quang,mien_nui_phia_bac,COM_0988,xa,22.8865,931.51,42.19,0.7376,3.1466,forest,1762.89,31.51,736,32.16,50,665,126,28.74,1,observed,2288
Quảng Ninh,dong_bang_song_hong,COM_0989,xa,21.8126,244.75,21.76,0.1414,3.0357,agricultural,2072.53,13.11,17286,792.5,46,15746,3807,661.66,1,observed,2181
Thanh Hóa,duyen_hai_mien_trung,COM_0990,xa,32.1193,755.96,94.98,0.6329,3.4363,agricultural,2444.13,5.6,7773,242.02,20,7724,1948,262.22,1,observed,3211
Hưng Yên,dong_bang_song_hong,COM_0991,phuong,7.8826,16.85,3.58,0.45,9.8244,residential,1265.46,0.35,15613,1980.72,25,13695,3150,1886.82,1,observed,788
Hà Tĩnh,duyen_hai_mien_trung,COM_0992,phuong,6.4804,430.25,1.99,0.3787,7.5193,mixed,2318.51,4.79,1790,276.29,47,1652,318,259.37,1,observed,648
Hà Nội,dong_bang_song_hong,COM_0993,thi_tran,38.0782,6.87,28.85,0.7407,3.1716,forest,1669.57,16.0,88532,2325.02,7,91617,23842,2437.28,1,observed,3807
Quảng Ngãi,duyen_hai_mien_trung,COM_0994,xa,77.3254,42.23,89.9,0.1483,1.595,residential,3198.76,45.81,10792,139.57,21,10218,2884,136.27,1,observed,7732
Hà Nội,dong_bang_song_hong,COM_0995,phuong,9.8203,24.31,2.97,0.4349,8.0633,mixed,1536.73,1.99,43907,4471.11,31,44751,9220,4161.51,0,MNAR_high_density,982
Hải Phòng,dong_bang_song_hong,COM_0996,xa,37.39,16.63,64.08,0.5883,2.513,residential,1816.12,34.06,21882,585.26,7,19168,4859,506.6,1,observed,3739
Lạng Sơn,mien_nui_phia_bac,COM_0997,xa,39.8878,597.38,64.19,0.8384,3.947,forest,1591.02,35.3,2767,69.37,38,3159,604,76.09,1,observed,3988
TP. Hồ Chí Minh,dong_nam_bo,COM_0998,xa,52.1144,28.03,26.41,0.2636,3.2241,residential,1794.63,10.39,441079,8463.67,25,414540,80295,7295.47,1,observed,5211
Sơn La,mien_nui_phia_bac,COM_0999,xa,45.1034,1365.09,95.8,0.5308,1.0994,forest,1490.81,33.0,2881,63.88,35,3232,597,64.54,0,MNAR_high_density,4510
Hải Phòng,dong_bang_song_hong,COM_1000,xa,21.8536,11.89,94.79,0.1407,3.0113,agricultural,1919.97,37.56,13914,636.71,23,12852,3244,532.48,1,observed,2185
